seconds,non-idle,utilization,
0,7.730000000000004,3.5800000000000036,
3,3.239999999999995,3.069999999999995,
6,3.739999999999995,3.569999999999995,
9,3.4000000000000057,2.8400000000000056,
12,2.9599999999999937,2.8999999999999937,
15,2.9000000000000057,2.8400000000000056,
18,4.519999999999996,4.459999999999996,
21,0.9500000000000028,0.9500000000000028,
24,2.8400000000000034,2.6700000000000035,
27,4.189999999999998,4.189999999999998,
30,8.86,6.0,
33,11.840000000000003,10.890000000000004,
36,23.78,13.96,
39,21.03,8.690000000000001,
42,25.989999999999995,16.099999999999994,
45,24.730000000000004,15.660000000000004,
48,24.939999999999998,15.519999999999998,
51,18.819999999999993,6.539999999999994,
54,25.010000000000005,15.590000000000005,
57,25.650000000000006,16.350000000000005,
60,24.28,15.580000000000002,
63,24.310000000000002,15.430000000000001,
66,24.239999999999995,15.539999999999996,
69,24.439999999999998,15.349999999999998,
72,24.819999999999993,15.849999999999993,
75,24.439999999999998,15.349999999999998,
78,24.900000000000006,15.920000000000005,
81,24.689999999999998,15.419999999999998,
84,24.439999999999998,15.179999999999998,
87,21.590000000000003,10.090000000000003,
90,21.739999999999995,11.009999999999994,
93,24.049999999999997,14.729999999999997,
96,24.189999999999998,15.369999999999997,
99,24.620000000000005,15.470000000000004,
102,24.75,15.48,
105,24.680000000000007,15.930000000000007,
108,25.510000000000005,16.280000000000005,
111,24.700000000000003,15.730000000000002,
114,24.340000000000003,15.230000000000004,
117,23.939999999999998,15.069999999999999,
120,23.480000000000004,14.790000000000004,
123,22.540000000000006,15.030000000000006,
126,22.180000000000007,14.670000000000007,
129,22.319999999999993,15.029999999999994,
132,21.92,14.740000000000002,
135,20.989999999999995,14.109999999999996,
138,22.230000000000004,14.950000000000003,
141,22.019999999999996,14.509999999999996,
144,20.590000000000003,13.930000000000003,
147,6.109999999999999,5.9399999999999995,
150,3.0799999999999983,3.0199999999999982,
153,3.7099999999999937,3.7099999999999937,
156,3.3599999999999994,3.3599999999999994,
159,3.5400000000000063,3.5400000000000063,
162,3.950000000000003,3.950000000000003,
165,3.3599999999999994,3.3599999999999994,
168,3.8299999999999983,3.7699999999999982,
171,3.3100000000000023,3.3100000000000023,
174,4.359999999999999,4.3,
177,4.049999999999997,4.049999999999997,
180,3.8499999999999943,3.8499999999999943,
183,4.109999999999999,4.109999999999999,
186,3.819999999999993,3.639999999999993,
189,3.769999999999996,3.769999999999996,
192,4.0,3.94,
195,3.4200000000000017,3.4200000000000017,
198,3.6599999999999966,3.6599999999999966,
201,3.3499999999999943,3.3499999999999943,
204,4.060000000000002,4.060000000000002,
207,3.769999999999996,3.769999999999996,
210,3.480000000000004,3.480000000000004,
213,3.8299999999999983,3.8299999999999983,
216,3.1899999999999977,3.1299999999999977,
219,3.8900000000000006,3.8900000000000006,
222,3.8400000000000034,3.8400000000000034,
225,3.1899999999999977,3.1899999999999977,
228,3.719999999999999,3.719999999999999,
231,3.239999999999995,3.239999999999995,
234,4.1200000000000045,4.060000000000005,
237,3.6599999999999966,3.6599999999999966,
240,3.25,3.25,
243,3.6599999999999966,3.6599999999999966,
246,3.1899999999999977,3.1899999999999977,
249,4.010000000000005,4.010000000000005,
252,3.9399999999999977,3.8799999999999977,
255,3.4099999999999966,3.4099999999999966,
258,3.8299999999999983,3.8299999999999983,
261,3.299999999999997,3.299999999999997,
264,3.950000000000003,3.950000000000003,
267,3.9399999999999977,3.9399999999999977,
270,3.4200000000000017,3.3600000000000017,
273,4.230000000000004,4.230000000000004,
276,3.480000000000004,3.480000000000004,
279,3.769999999999996,3.769999999999996,
282,3.769999999999996,3.769999999999996,
285,3.480000000000004,3.480000000000004,
288,3.8299999999999983,3.7699999999999982,
291,3.3100000000000023,3.3100000000000023,
294,4.060000000000002,4.060000000000002,
297,3.5400000000000063,3.5400000000000063,
300,3.9599999999999937,3.5499999999999936,
303,3.9399999999999977,3.9399999999999977,
306,3.4200000000000017,3.3600000000000017,
309,3.950000000000003,3.950000000000003,
312,3.9399999999999977,3.9399999999999977,
315,3.25,3.25,
318,3.719999999999999,3.719999999999999,
321,3.299999999999997,3.299999999999997,
324,3.7099999999999937,3.7099999999999937,
327,3.950000000000003,3.950000000000003,
330,3.5900000000000034,3.5300000000000034,
333,3.6599999999999966,3.6599999999999966,
336,3.0799999999999983,3.0799999999999983,
339,3.8299999999999983,3.8299999999999983,
342,3.8299999999999983,3.8299999999999983,
345,3.299999999999997,3.299999999999997,
348,3.950000000000003,3.950000000000003,
351,3.530000000000001,3.530000000000001,
354,4.170000000000002,4.110000000000002,
357,3.719999999999999,3.719999999999999,
360,3.0799999999999983,3.0799999999999983,
363,3.8900000000000006,3.8900000000000006,
366,3.4200000000000017,3.3600000000000017,
369,3.8900000000000006,3.8900000000000006,
372,4.049999999999997,4.049999999999997,
375,3.4099999999999966,3.4099999999999966,
378,3.780000000000001,3.780000000000001,
381,3.299999999999997,3.299999999999997,
384,4.0,4.0,
387,4.060000000000002,4.060000000000002,
390,3.469999999999999,3.409999999999999,
393,3.8299999999999983,3.8299999999999983,
396,3.4200000000000017,3.4200000000000017,
399,3.8900000000000006,3.8900000000000006,
402,4.1200000000000045,4.1200000000000045,
405,3.5799999999999983,3.5799999999999983,
408,3.8900000000000006,3.8900000000000006,
411,3.3599999999999994,3.3599999999999994,
414,3.8900000000000006,3.8300000000000005,
417,3.9399999999999977,3.9399999999999977,
420,3.5999999999999943,3.5999999999999943,
423,3.780000000000001,3.780000000000001,
426,3.530000000000001,3.470000000000001,
429,3.5400000000000063,3.5400000000000063,
432,4.170000000000002,4.170000000000002,
435,3.700000000000003,3.700000000000003,
438,4.230000000000004,4.170000000000004,
441,3.299999999999997,3.299999999999997,
444,3.780000000000001,3.780000000000001,
447,4.0,4.0,
450,3.3599999999999994,3.2999999999999994,
453,3.8900000000000006,3.8900000000000006,
456,3.469999999999999,3.469999999999999,
459,3.760000000000005,3.760000000000005,
462,3.8799999999999955,3.8799999999999955,
465,3.3599999999999994,3.3599999999999994,
468,3.9399999999999977,3.9399999999999977,
471,3.3599999999999994,3.3599999999999994,
474,4.1200000000000045,4.060000000000005,
477,3.8799999999999955,3.8799999999999955,
480,3.469999999999999,3.469999999999999,
483,4.170000000000002,4.170000000000002,
486,3.6400000000000006,3.6400000000000006,
489,4.0,4.0,
492,4.060000000000002,4.060000000000002,
495,3.530000000000001,3.530000000000001,
498,5.719999999999999,5.0699999999999985,
501,3.700000000000003,3.700000000000003,
504,4.0,4.0,
507,3.950000000000003,3.890000000000003,
510,3.530000000000001,3.530000000000001,
513,3.8299999999999983,3.8299999999999983,
516,3.4200000000000017,3.4200000000000017,
519,4.170000000000002,4.170000000000002,
522,3.819999999999993,3.819999999999993,
525,3.299999999999997,3.299999999999997,
528,4.0,3.94,
531,3.4099999999999966,3.4099999999999966,
534,3.9399999999999977,3.9399999999999977,
537,4.170000000000002,4.170000000000002,
540,3.469999999999999,3.469999999999999,
543,4.049999999999997,4.049999999999997,
546,3.700000000000003,3.640000000000003,
549,4.0,4.0,
552,2.760000000000005,2.760000000000005,
555,3.239999999999995,3.239999999999995,
558,3.8900000000000006,3.8900000000000006,
561,3.3700000000000045,3.3700000000000045,
564,3.930000000000007,3.8700000000000068,
567,3.5999999999999943,3.5999999999999943,
570,2.239999999999995,2.239999999999995,
573,3.9399999999999977,3.9399999999999977,
576,3.069999999999993,3.069999999999993,
579,2.3499999999999943,2.3499999999999943,
582,2.0999999999999943,2.0999999999999943,
585,1.8700000000000045,1.8700000000000045,
588,2.3400000000000034,2.2800000000000034,
591,1.7600000000000051,1.7600000000000051,
594,2.200000000000003,2.200000000000003,
597,2.230000000000004,2.230000000000004,
600,1.9899999999999949,1.9899999999999949,
603,2.1700000000000017,2.1700000000000017,
606,1.7099999999999937,1.6499999999999937,
609,2.269999999999996,2.269999999999996,
612,1.980000000000004,1.980000000000004,
615,2.049999999999997,2.049999999999997,
618,2.2099999999999937,2.2099999999999937,
621,1.8900000000000006,1.8900000000000006,
624,2.3499999999999943,2.2899999999999943,
627,2.3900000000000006,2.3900000000000006,
630,1.7600000000000051,1.7600000000000051,
633,2.450000000000003,2.450000000000003,
636,2.0999999999999943,1.9899999999999942,
639,2.1599999999999966,2.1599999999999966,
642,2.510000000000005,2.510000000000005,
645,1.9899999999999949,1.9899999999999949,
648,2.1700000000000017,2.1700000000000017,
651,1.6500000000000057,1.6500000000000057,
654,2.4399999999999977,2.329999999999998,
657,2.3299999999999983,2.3299999999999983,
660,1.5300000000000011,1.5300000000000011,
663,2.049999999999997,2.049999999999997,
666,1.6400000000000006,1.5800000000000005,
669,2.450000000000003,2.450000000000003,
672,1.9300000000000068,1.9300000000000068,
675,1.9899999999999949,1.9899999999999949,
678,2.1599999999999966,2.1599999999999966,
681,1.8199999999999932,1.8199999999999932,
684,2.3400000000000034,2.2800000000000034,
687,2.5,2.5,
690,1.9399999999999977,1.9399999999999977,
693,2.0999999999999943,2.0999999999999943,
696,1.8799999999999955,1.8799999999999955,
699,2.0900000000000034,2.0900000000000034,
702,2.450000000000003,2.450000000000003,
705,1.6500000000000057,1.6500000000000057,
708,2.5600000000000023,2.500000000000002,
711,1.9300000000000068,1.9300000000000068,
714,2.4399999999999977,2.4399999999999977,
717,1.9300000000000068,1.9300000000000068,
720,2.1099999999999994,2.1099999999999994,
723,2.049999999999997,2.049999999999997,
726,1.8100000000000023,1.8100000000000023,
729,2.569999999999993,2.569999999999993,
732,1.9300000000000068,1.8700000000000068,
735,2.0999999999999943,2.0999999999999943,
738,2.450000000000003,2.450000000000003,
741,1.8799999999999955,1.8799999999999955,
744,2.219999999999999,2.219999999999999,
747,2.219999999999999,2.219999999999999,
750,1.9899999999999949,1.9899999999999949,
753,2.450000000000003,2.450000000000003,
756,1.9300000000000068,1.8700000000000068,
759,1.9300000000000068,1.9300000000000068,
762,2.230000000000004,2.230000000000004,
765,2.0400000000000063,2.0400000000000063,
768,2.3299999999999983,2.3299999999999983,
771,1.8299999999999983,1.8299999999999983,
774,2.3900000000000006,2.3900000000000006,
777,1.8700000000000045,1.8700000000000045,
780,1.8299999999999983,1.7699999999999982,
783,2.1599999999999966,2.1599999999999966,
786,1.8100000000000023,1.8100000000000023,
789,2.4000000000000057,2.4000000000000057,
792,1.8100000000000023,1.8100000000000023,
795,1.9399999999999977,1.9399999999999977,
798,1.9399999999999977,1.9399999999999977,
801,1.7600000000000051,1.7600000000000051,
804,2.3900000000000006,2.3300000000000005,
807,2.219999999999999,2.219999999999999,
810,1.7600000000000051,1.7600000000000051,
813,2.510000000000005,2.510000000000005,
816,2.0400000000000063,2.0400000000000063,
819,2.1700000000000017,2.1700000000000017,
822,2.1599999999999966,2.1599999999999966,
825,1.7000000000000028,1.7000000000000028,
828,2.4399999999999977,2.3799999999999977,
831,2.049999999999997,2.049999999999997,
834,2.5600000000000023,2.5600000000000023,
837,2.0999999999999943,2.0999999999999943,
840,1.7800000000000011,1.7800000000000011,
843,2.0400000000000063,2.0400000000000063,
846,2.0,2.0,
849,2.4399999999999977,2.4399999999999977,
852,2.4399999999999977,2.3799999999999977,
855,1.9399999999999977,1.9399999999999977,
858,2.0400000000000063,2.0400000000000063,
861,1.8799999999999955,1.8799999999999955,
864,2.1200000000000045,2.1200000000000045,
867,1.9300000000000068,1.9300000000000068,
870,1.8199999999999932,1.7599999999999931,
873,2.450000000000003,2.450000000000003,
876,1.7000000000000028,1.7000000000000028,
879,2.269999999999996,2.269999999999996,
882,2.4599999999999937,2.3999999999999937,
885,1.7000000000000028,1.7000000000000028,
888,2.049999999999997,2.049999999999997,
891,1.7600000000000051,1.700000000000005,
894,2.3299999999999983,2.3299999999999983,
897,2.1400000000000006,2.1400000000000006,
900,1.9399999999999977,1.9399999999999977,
903,2.1599999999999966,2.1599999999999966,
906,2.180000000000007,2.180000000000007,
909,2.3299999999999983,2.3299999999999983,
912,2.0999999999999943,2.0999999999999943,
915,1.9500000000000028,1.8900000000000028,
918,1.9300000000000068,1.9300000000000068,
921,1.5900000000000034,1.5900000000000034,
924,2.3400000000000034,2.3400000000000034,
927,2.3299999999999983,2.3299999999999983,
930,2.049999999999997,2.049999999999997,
933,2.5,2.44,
936,1.6899999999999977,1.6899999999999977,
939,2.0900000000000034,2.0900000000000034,
942,2.5799999999999983,2.5799999999999983,
945,1.9000000000000057,1.9000000000000057,
948,2.1599999999999966,2.1599999999999966,
951,1.9899999999999949,1.9299999999999948,
954,2.1500000000000057,2.1500000000000057,
957,2.510000000000005,2.510000000000005,
960,1.4099999999999966,1.4099999999999966,
963,2.3299999999999983,2.3299999999999983,
966,1.9300000000000068,1.9300000000000068,
969,2.6299999999999955,2.6299999999999955,
972,2.200000000000003,2.200000000000003,
975,1.519999999999996,1.459999999999996,
978,1.9200000000000017,1.9200000000000017,
981,2.1299999999999955,2.0099999999999953,
984,2.6899999999999977,2.6899999999999977,
987,2.2099999999999937,1.9299999999999937,
990,1.1899999999999977,1.1899999999999977,
993,2.1099999999999994,2.1099999999999994,
996,1.7600000000000051,1.7600000000000051,
999,2.6899999999999977,2.6899999999999977,
1002,1.6899999999999977,1.6899999999999977,
1005,1.9500000000000028,1.9500000000000028,
1008,2.4399999999999977,2.3799999999999977,
1011,1.9300000000000068,1.9300000000000068,
1014,2.3400000000000034,2.3400000000000034,
1017,2.030000000000001,2.030000000000001,
1020,1.7600000000000051,1.7600000000000051,
1023,2.1099999999999994,2.1099999999999994,
1026,1.5300000000000011,1.470000000000001,
1029,1.75,1.75,
1032,2.8100000000000023,2.8100000000000023,
1035,2.010000000000005,2.010000000000005,
1038,2.1500000000000057,2.1500000000000057,
1041,1.9899999999999949,1.9899999999999949,
1044,2.1700000000000017,2.1100000000000017,
1047,2.2099999999999937,2.2099999999999937,
1050,1.8799999999999955,1.8799999999999955,
1053,2.0400000000000063,2.0400000000000063,
1056,1.9399999999999977,1.8799999999999977,
1059,2.1500000000000057,2.1500000000000057,
1062,2.3400000000000034,2.2800000000000034,
1065,1.8100000000000023,1.8100000000000023,
1068,2.0999999999999943,2.0999999999999943,
1071,2.1200000000000045,2.1200000000000045,
1074,2.2099999999999937,2.2099999999999937,
1077,2.269999999999996,2.269999999999996,
1080,7.430000000000007,2.4000000000000066,
1083,7.239999999999995,2.659999999999995,
1086,2.1700000000000017,2.060000000000002,
1089,2.25,2.25,
1092,2.2099999999999937,2.2099999999999937,
1095,1.8100000000000023,1.8100000000000023,
1098,4.469999999999999,4.009999999999999,
1101,2.519999999999996,2.519999999999996,
1104,2.8100000000000023,2.8100000000000023,
1107,2.510000000000005,2.510000000000005,
1110,2.2099999999999937,2.2099999999999937,
1113,2.3400000000000034,2.3400000000000034,
1116,2.700000000000003,2.640000000000003,
1119,1.8599999999999994,1.8599999999999994,
1122,2.1099999999999994,1.9999999999999993,
1125,2.9000000000000057,2.9000000000000057,
1128,2.4399999999999977,2.3799999999999977,
1131,1.9399999999999977,1.9399999999999977,
1134,2.5400000000000063,2.480000000000006,
1137,2.6500000000000057,2.6500000000000057,
1140,2.4000000000000057,2.4000000000000057,
1143,1.980000000000004,1.980000000000004,
1146,1.9200000000000017,1.9200000000000017,
1149,2.6099999999999994,2.6099999999999994,
1152,3.0400000000000063,2.980000000000006,
1155,2.469999999999999,2.469999999999999,
1158,3.0900000000000034,3.0900000000000034,
1161,2.0999999999999943,2.0999999999999943,
1164,3.700000000000003,3.700000000000003,
1167,3.5900000000000034,3.5900000000000034,
1170,1.8100000000000023,1.7500000000000022,
1173,3.5600000000000023,3.5600000000000023,
1176,2.450000000000003,2.450000000000003,
1179,3.0999999999999943,3.0999999999999943,
1182,2.0400000000000063,2.0400000000000063,
1185,2.269999999999996,2.269999999999996,
1188,4.239999999999995,4.239999999999995,
1191,2.180000000000007,2.180000000000007,
1194,2.930000000000007,2.8700000000000068,
1197,2.700000000000003,2.700000000000003,
1200,2.3499999999999943,2.3499999999999943,
1203,3.239999999999995,3.239999999999995,
1206,1.9300000000000068,1.9300000000000068,
1209,2.450000000000003,2.450000000000003,
1212,3.2099999999999937,3.1499999999999937,
1215,2.5799999999999983,2.5799999999999983,
1218,2.2099999999999937,2.2099999999999937,
1221,2.549999999999997,2.549999999999997,
1224,3.0999999999999943,3.0999999999999943,
1227,2.8700000000000045,2.8700000000000045,
1230,2.519999999999996,2.459999999999996,
1233,3.1400000000000006,3.1400000000000006,
1236,2.1500000000000057,2.1500000000000057,
1239,3.6599999999999966,3.6599999999999966,
1242,2.2099999999999937,2.2099999999999937,
1245,1.8700000000000045,1.8700000000000045,
1248,2.519999999999996,2.519999999999996,
1251,2.769999999999996,2.769999999999996,
1254,3.3900000000000006,3.3300000000000005,
1257,3.239999999999995,3.239999999999995,
1260,3.1200000000000045,3.0600000000000045,
1263,3.7900000000000063,3.7900000000000063,
1266,2.3599999999999994,2.3599999999999994,
1269,2.8100000000000023,2.8100000000000023,
1272,2.739999999999995,2.739999999999995,
1275,2.7099999999999937,2.7099999999999937,
1278,2.450000000000003,2.390000000000003,
1281,2.549999999999997,2.549999999999997,
1284,2.700000000000003,2.700000000000003,
1287,2.280000000000001,2.280000000000001,
1290,2.239999999999995,2.239999999999995,
1293,2.3299999999999983,2.3299999999999983,
1296,1.9899999999999949,1.9299999999999948,
1299,2.9399999999999977,2.9399999999999977,
1302,2.3900000000000006,2.3300000000000005,
1305,2.4099999999999966,2.4099999999999966,
1308,3.030000000000001,3.030000000000001,
1311,2.950000000000003,2.950000000000003,
1314,2.480000000000004,2.420000000000004,
1317,4.1200000000000045,4.1200000000000045,
1320,2.519999999999996,2.519999999999996,
1323,2.200000000000003,2.200000000000003,
1326,3.219999999999999,3.219999999999999,
1329,2.3299999999999983,2.3299999999999983,
1332,2.8100000000000023,2.7000000000000024,
1335,2.4099999999999966,2.4099999999999966,
1338,2.980000000000004,2.920000000000004,
1341,2.2900000000000063,2.2900000000000063,
1344,3.299999999999997,3.299999999999997,
1347,3.5400000000000063,3.5400000000000063,
1350,1.75,1.75,
1353,2.2900000000000063,2.2900000000000063,
1356,2.469999999999999,2.469999999999999,
1359,2.269999999999996,2.269999999999996,
1362,2.3299999999999983,2.2699999999999982,
1365,2.8499999999999943,2.8499999999999943,
1368,2.7099999999999937,2.7099999999999937,
1371,2.4599999999999937,2.4599999999999937,
1374,3.1400000000000006,3.1400000000000006,
1377,2.489999999999995,2.489999999999995,
1380,1.75,1.69,
1383,2.760000000000005,2.760000000000005,
1386,2.5799999999999983,2.5799999999999983,
1389,2.8700000000000045,2.8700000000000045,
1392,3.1899999999999977,3.1899999999999977,
1395,2.4099999999999966,2.4099999999999966,
1398,2.9200000000000017,2.8600000000000017,
1401,2.8400000000000034,2.8400000000000034,
1404,2.3900000000000006,2.3900000000000006,
1407,3.469999999999999,3.469999999999999,
1410,2.3499999999999943,2.2899999999999943,
1413,3.430000000000007,3.430000000000007,
1416,1.8199999999999932,1.8199999999999932,
1419,2.5900000000000034,2.5900000000000034,
1422,3.299999999999997,3.299999999999997,
1425,3.0,3.0,
1428,3.0999999999999943,3.0999999999999943,
1431,2.269999999999996,2.269999999999996,
1434,2.549999999999997,2.549999999999997,
1437,2.4599999999999937,2.4599999999999937,
1440,2.9599999999999937,2.8999999999999937,
1443,2.430000000000007,2.430000000000007,
1446,2.3499999999999943,2.3499999999999943,
1449,3.75,3.75,
1452,2.6400000000000006,2.5800000000000005,
1455,2.4599999999999937,2.4599999999999937,
1458,2.989999999999995,2.989999999999995,
1461,1.9899999999999949,1.9899999999999949,
1464,3.1200000000000045,3.1200000000000045,
1467,2.5799999999999983,2.5799999999999983,
1470,2.0999999999999943,2.0399999999999943,
1473,2.3299999999999983,2.3299999999999983,
1476,3.3100000000000023,3.3100000000000023,
1479,2.75,2.75,
1482,2.0400000000000063,2.0400000000000063,
1485,5.019999999999996,4.509999999999996,
1488,5.359999999999999,4.129999999999999,
1491,6.75,5.4,
1494,13.269999999999996,7.219999999999996,
1497,33.95,30.590000000000003,
1500,45.89,44.99,
1503,58.16,55.56999999999999,
1506,55.27,52.02,
1509,58.49,56.870000000000005,
1512,57.06,55.830000000000005,
1515,45.88,43.81,
1518,60.1,59.6,
1521,60.65,60.589999999999996,
1524,51.48,50.63999999999999,
1527,55.77,54.870000000000005,
1530,56.61,54.48,
1533,36.32,33.75,
1536,99.11,99.11,
1539,99.72,99.72,
1542,99.28,99.28,
1545,99.83,99.83,
1548,99.61,99.61,
1551,99.5,99.5,
1554,99.39,99.39,
1557,99.39,99.39,
1560,99.83,99.77,
1563,99.33,99.33,
1566,99.72,99.72,
1569,99.44,99.44,
1572,99.56,99.56,
1575,99.78,99.78,
1578,99.5,99.5,
1581,99.67,99.67,
1584,99.67,99.67,
1587,99.5,99.44,
1590,99.44,99.44,
1593,99.28,99.28,
1596,99.17,99.17,
1599,99.33,99.33,
1602,99.39,99.39,
1605,99.06,99.06,
1608,99.56,99.56,
1611,99.28,99.22,
1614,99.61,99.61,
1617,99.33,99.33,
1620,99.5,99.5,
1623,99.0,99.0,
1626,99.61,99.61,
1629,99.0,99.0,
1632,99.61,99.61,
1635,99.5,99.5,
1638,99.44,99.44,
1641,99.17,99.17,
1644,99.56,99.56,
1647,99.44,99.44,
1650,99.22,99.22,
1653,99.11,99.11,
1656,99.5,99.5,
1659,99.22,99.22,
1662,99.56,99.56,
1665,99.56,99.56,
1668,99.22,99.22,
1671,99.61,99.61,
1674,99.67,99.67,
1677,99.39,99.39,
1680,99.11,99.11,
1683,99.67,99.61,
1686,99.56,99.56,
1689,99.33,99.33,
1692,99.44,99.44,
1695,99.22,99.22,
1698,99.06,99.06,
1701,99.28,99.28,
1704,99.56,99.5,
1707,99.33,99.33,
1710,99.61,99.61,
1713,99.39,99.39,
1716,99.06,99.06,
1719,99.67,99.67,
1722,98.94,98.94,
1725,99.33,99.33,
1728,99.67,99.67,
1731,99.39,99.39,
1734,99.56,99.56,
1737,99.56,99.56,
1740,99.28,99.28,
1743,99.39,99.39,
1746,99.22,99.22,
1749,99.39,99.39,
1752,99.11,99.05,
1755,99.44,99.38,
1758,99.56,99.56,
1761,99.5,99.5,
1764,99.28,99.28,
1767,99.61,99.61,
1770,99.44,99.44,
1773,99.61,99.61,
1776,99.28,99.28,
1779,99.17,99.11,
1782,99.11,99.11,
1785,99.56,99.56,
1788,99.28,99.28,
1791,99.17,99.17,
1794,99.33,99.33,
1797,99.5,99.5,
1800,99.06,99.06,
1803,99.5,99.5,
1806,99.67,99.67,
1809,99.5,99.5,
1812,99.17,99.17,
1815,99.39,99.39,
1818,99.56,99.56,
1821,99.06,99.06,
1824,99.39,99.39,
1827,99.67,99.61,
1830,99.39,99.39,
1833,99.78,99.78,
1836,99.33,99.33,
1839,99.33,99.33,
1842,99.22,99.22,
1845,99.44,99.44,
1848,99.28,99.28,
1851,99.56,99.56,
1854,99.5,99.5,
1857,99.44,99.44,
1860,99.22,99.22,
1863,99.28,99.28,
1866,98.94,98.94,
1869,99.44,99.44,
1872,99.28,99.17,
1875,99.44,99.44,
1878,99.11,99.11,
1881,99.67,99.67,
1884,99.61,99.61,
1887,99.33,99.33,
1890,99.06,99.06,
1893,99.11,99.11,
1896,99.39,99.39,
1899,99.22,99.16,
1902,99.78,99.78,
1905,99.44,99.44,
1908,99.5,99.5,
1911,99.61,99.61,
1914,99.28,99.28,
1917,99.22,99.22,
1920,99.17,99.17,
1923,99.67,99.67,
1926,99.5,99.5,
1929,99.78,99.72,
1932,99.28,99.28,
1935,99.39,99.39,
1938,99.0,99.0,
1941,99.28,99.28,
1944,99.56,99.56,
1947,99.72,99.72,
1950,99.44,99.44,
1953,99.33,99.33,
1956,99.33,99.33,
1959,99.28,99.28,
1962,99.33,99.33,
1965,99.39,99.39,
1968,99.33,99.33,
1971,98.94,98.83,
1974,99.5,99.5,
1977,99.11,99.11,
1980,99.5,99.5,
1983,98.94,98.94,
1986,99.67,99.67,
1989,99.06,99.06,
1992,99.28,99.28,
1995,99.22,99.16,
1998,99.56,99.56,
2001,99.61,99.61,
2004,99.28,99.28,
2007,99.17,99.17,
2010,98.56,98.56,
2013,99.28,99.28,
2016,98.61,98.61,
2019,99.33,99.33,
2022,99.28,99.28,
2025,99.61,99.61,
2028,99.22,99.22,
2031,99.28,99.28,
2034,99.06,99.06,
2037,99.33,99.33,
2040,99.0,99.0,
2043,99.72,99.72,
2046,99.17,99.17,
2049,99.67,99.61,
2052,99.67,99.67,
2055,99.22,99.22,
2058,99.44,99.44,
2061,99.11,99.11,
2064,98.83,98.83,
2067,99.22,99.22,
2070,99.39,99.39,
2073,99.72,99.72,
2076,99.61,99.61,
2079,99.22,99.22,
2082,98.94,98.94,
2085,99.39,99.39,
2088,99.44,99.44,
2091,99.17,99.17,
2094,99.67,99.67,
2097,99.72,99.72,
2100,99.22,99.22,
2103,99.11,99.11,
2106,99.33,99.33,
2109,99.67,99.67,
2112,99.06,99.06,
2115,99.28,99.28,
2118,99.67,99.61,
2121,99.39,99.39,
2124,99.61,99.61,
2127,99.67,99.67,
2130,99.56,99.56,
2133,99.06,99.06,
2136,99.0,99.0,
2139,98.89,98.89,
2142,99.44,99.44,
2145,99.5,99.5,
2148,99.33,99.33,
2151,99.44,99.44,
2154,99.17,99.17,
2157,98.83,98.83,
2160,99.44,99.44,
2163,98.94,98.94,
2166,99.5,99.5,
2169,99.56,99.56,
2172,99.55,99.55,
2175,99.22,99.22,
2178,99.33,99.33,
2181,99.11,99.11,
2184,99.5,99.5,
2187,99.56,99.56,
2190,99.61,99.61,
2193,99.61,99.55,
2196,99.44,99.44,
2199,99.56,99.56,
2202,99.67,99.67,
2205,99.39,99.39,
2208,99.17,99.17,
2211,99.28,99.28,
2214,99.56,99.56,
2217,99.56,99.56,
2220,99.5,99.5,
2223,99.33,99.33,
2226,99.28,99.28,
2229,99.28,99.28,
2232,99.0,99.0,
2235,99.11,99.11,
2238,99.44,99.44,
2241,99.22,99.22,
2244,99.33,99.33,
2247,99.67,99.67,
2250,99.11,99.11,
2253,99.56,99.56,
2256,98.83,98.83,
2259,98.94,98.94,
2262,99.39,99.33,
2265,99.67,99.61,
2268,99.61,99.61,
2271,99.39,99.39,
2274,99.22,99.22,
2277,99.56,99.56,
2280,99.39,99.39,
2283,99.33,99.33,
2286,99.39,99.39,
2289,99.22,99.22,
2292,99.61,99.61,
2295,99.22,99.22,
2298,99.56,99.56,
2301,99.67,99.67,
2304,99.33,99.33,
2307,99.17,99.17,
2310,99.61,99.61,
2313,99.5,99.39,
2316,99.78,99.78,
2319,99.28,99.28,
2322,99.17,99.17,
2325,98.89,98.89,
2328,99.22,99.22,
2331,99.44,99.44,
2334,99.5,99.5,
2337,99.5,99.44,
2340,99.39,99.39,
2343,99.78,99.78,
2346,99.45,99.45,
2349,99.44,99.44,
2352,99.22,99.22,
2355,99.0,99.0,
2358,99.0,99.0,
2361,99.06,99.06,
2364,99.89,99.89,
2367,99.72,99.72,
2370,99.44,99.44,
2373,99.39,99.39,
2376,99.5,99.5,
2379,99.33,99.33,
2382,99.56,99.56,
2385,99.0,99.0,
2388,99.56,99.56,
2391,99.5,99.5,
2394,99.44,99.44,
2397,99.22,99.22,
2400,99.17,99.17,
2403,99.22,99.22,
2406,99.44,99.44,
2409,99.22,99.22,
2412,99.28,99.22,
2415,99.56,99.56,
2418,99.83,99.83,
2421,99.22,99.22,
2424,99.22,99.22,
2427,99.5,99.5,
2430,99.33,99.33,
2433,99.28,99.28,
2436,99.28,99.22,
2439,99.72,99.72,
2442,99.44,99.44,
2445,99.83,99.83,
2448,99.61,99.61,
2451,99.28,99.28,
2454,99.44,99.44,
2457,99.56,99.56,
2460,99.39,99.33,
2463,99.56,99.56,
2466,99.72,99.72,
2469,99.61,99.61,
2472,98.78,98.78,
2475,99.22,99.22,
2478,99.28,99.28,
2481,99.17,99.17,
2484,99.22,99.22,
2487,99.5,99.44,
2490,99.61,99.61,
2493,99.11,99.11,
2496,99.33,99.33,
2499,98.5,98.5,
2502,99.61,99.61,
2505,99.28,99.28,
2508,99.22,99.22,
2511,99.56,99.56,
2514,99.44,99.44,
2517,99.5,99.5,
2520,99.17,99.17,
2523,99.5,99.5,
2526,98.61,98.61,
2529,98.89,98.89,
2532,99.17,99.17,
2535,99.61,99.55,
2538,99.61,99.61,
2541,99.39,99.39,
2544,99.39,99.39,
2547,99.39,99.39,
2550,99.39,99.39,
2553,99.33,99.33,
2556,99.44,99.44,
2559,99.72,99.72,
2562,99.67,99.67,
2565,99.44,99.44,
2568,99.56,99.56,
2571,99.22,99.22,
2574,99.5,99.5,
2577,98.94,98.94,
2580,98.61,98.61,
2583,99.33,99.33,
2586,99.67,99.67,
2589,99.5,99.5,
2592,99.72,99.72,
2595,98.72,98.66,
2598,99.22,99.22,
2601,99.28,99.28,
2604,99.33,99.33,
2607,99.5,99.5,
2610,99.44,99.38,
2613,99.5,99.5,
2616,99.56,99.56,
2619,99.06,99.06,
2622,99.44,99.44,
2625,98.83,98.83,
2628,99.61,99.61,
2631,99.44,99.44,
2634,99.5,99.5,
2637,99.67,99.67,
2640,99.56,99.56,
2643,99.11,99.11,
2646,99.56,99.56,
2649,99.17,99.17,
2652,99.67,99.67,
2655,99.44,99.44,
2658,99.17,99.17,
2661,99.67,99.67,
2664,99.56,99.56,
2667,99.28,99.28,
2670,99.44,99.44,
2673,99.44,99.44,
2676,99.22,99.22,
2679,99.28,99.28,
2682,99.5,99.5,
2685,99.56,99.56,
2688,99.56,99.56,
2691,99.72,99.72,
2694,99.22,99.22,
2697,99.44,99.44,
2700,99.39,99.39,
2703,99.67,99.67,
2706,99.11,99.11,
2709,99.05,99.05,
2712,99.39,99.39,
2715,99.33,99.33,
2718,99.22,99.22,
2721,99.39,99.39,
2724,99.61,99.61,
2727,99.61,99.61,
2730,99.56,99.56,
2733,99.61,99.61,
2736,99.72,99.72,
2739,99.83,99.83,
2742,99.33,99.33,
2745,98.72,98.72,
2748,99.67,99.67,
2751,99.5,99.5,
2754,99.61,99.61,
2757,99.33,99.33,
2760,99.22,99.11,
2763,99.5,99.5,
2766,99.61,99.61,
2769,99.17,99.17,
2772,99.11,99.11,
2775,99.39,99.39,
2778,99.56,99.56,
2781,99.17,99.17,
2784,99.33,99.33,
2787,99.17,99.17,
2790,99.72,99.66,
2793,99.61,99.61,
2796,99.61,99.61,
2799,99.06,99.06,
2802,99.44,99.44,
2805,99.67,99.67,
2808,99.5,99.5,
2811,99.33,99.27,
2814,99.44,99.44,
2817,99.33,99.33,
2820,99.5,99.5,
2823,99.0,99.0,
2826,99.17,99.17,
2829,99.22,99.22,
2832,99.11,99.11,
2835,99.33,99.33,
2838,99.5,99.5,
2841,99.33,99.33,
2844,98.83,98.83,
2847,99.67,99.67,
2850,99.44,99.44,
2853,99.22,99.22,
2856,99.67,99.56,
2859,99.67,99.67,
2862,99.67,99.67,
2865,99.33,99.33,
2868,99.28,99.28,
2871,99.72,99.72,
2874,99.44,99.44,
2877,99.61,99.61,
2880,99.39,99.39,
2883,99.61,99.61,
2886,99.44,99.44,
2889,99.45,99.45,
2892,99.28,99.28,
2895,99.28,99.28,
2898,99.39,99.39,
2901,99.61,99.61,
2904,99.22,99.22,
2907,99.67,99.67,
2910,99.28,99.28,
2913,99.33,99.33,
2916,99.56,99.56,
2919,99.22,99.22,
2922,99.33,99.33,
2925,99.5,99.5,
2928,99.06,99.0,
2931,99.56,99.56,
2934,99.44,99.44,
2937,99.61,99.61,
2940,98.83,98.83,
2943,99.56,99.56,
2946,98.89,98.89,
2949,99.22,99.22,
2952,99.33,99.33,
2955,99.0,98.89,
2958,99.5,99.5,
2961,99.67,99.67,
2964,99.5,99.5,
2967,99.17,99.17,
2970,99.44,99.44,
2973,99.0,99.0,
2976,99.61,99.61,
2979,99.61,99.61,
2982,99.61,99.61,
2985,99.61,99.61,
2988,99.28,99.28,
2991,99.44,99.44,
2994,99.33,99.33,
2997,99.39,99.39,
3000,99.22,99.16,
3003,99.56,99.56,
3006,99.22,99.22,
3009,99.5,99.5,
3012,99.44,99.44,
3015,99.33,99.33,
3018,99.33,99.33,
3021,98.95,98.95,
3024,99.17,99.17,
3027,99.56,99.56,
3030,99.39,99.39,
3033,99.33,99.33,
3036,99.33,99.33,
3039,99.61,99.61,
3042,98.17,98.17,
3045,99.22,99.22,
3048,98.89,98.89,
3051,99.67,99.67,
3054,99.56,99.5,
3057,99.39,99.39,
3060,99.17,99.17,
3063,99.28,99.28,
3066,99.61,99.61,
3069,99.44,99.44,
3072,99.5,99.44,
3075,99.44,99.38,
3078,99.61,99.61,
3081,99.44,99.44,
3084,99.28,99.28,
3087,99.39,99.39,
3090,99.61,99.61,
3093,98.78,98.78,
3096,99.33,99.27,
3099,99.67,99.67,
3102,99.56,99.56,
3105,99.39,99.39,
3108,99.33,99.33,
3111,99.17,99.17,
3114,99.5,99.5,
3117,99.33,99.33,
3120,99.28,99.28,
3123,99.72,99.72,
3126,99.28,99.28,
3129,99.39,99.39,
3132,99.22,99.22,
3135,99.56,99.56,
3138,99.0,99.0,
3141,99.17,99.17,
3144,99.61,99.61,
3147,99.5,99.5,
3150,99.56,99.56,
3153,99.39,99.33,
3156,99.61,99.61,
3159,99.28,99.28,
3162,99.11,99.11,
3165,99.72,99.72,
3168,99.5,99.5,
3171,99.67,99.67,
3174,99.56,99.56,
3177,99.56,99.56,
3180,99.5,99.5,
3183,99.06,99.06,
3186,99.05,99.05,
3189,99.44,99.44,
3192,99.17,99.17,
3195,99.28,99.28,
3198,99.44,99.44,
3201,99.61,99.61,
3204,99.11,99.11,
3207,99.17,99.17,
3210,99.22,99.22,
3213,98.94,98.94,
3216,99.0,99.0,
3219,99.5,99.5,
3222,99.56,99.56,
3225,99.5,99.5,
3228,99.39,99.39,
3231,98.94,98.94,
3234,99.28,99.28,
3237,99.0,99.0,
3240,99.28,99.17,
3243,99.78,99.78,
3246,99.39,99.39,
3249,99.06,99.06,
3252,99.33,99.33,
3255,99.44,99.44,
3258,99.0,99.0,
3261,99.11,99.11,
3264,99.22,99.22,
3267,99.44,99.44,
3270,99.39,99.39,
3273,99.06,99.06,
3276,99.67,99.67,
3279,99.05,99.05,
3282,99.28,99.28,
3285,99.28,99.28,
3288,99.33,99.27,
3291,99.83,99.83,
3294,99.61,99.61,
3297,99.72,99.72,
3300,99.5,99.5,
3303,99.5,99.5,
3306,99.05,99.05,
3309,99.0,99.0,
3312,98.78,98.72,
3315,99.72,99.72,
3318,99.5,99.5,
3321,99.44,99.44,
3324,99.5,99.5,
3327,99.28,99.28,
3330,98.94,98.94,
3333,99.39,99.39,
3336,99.44,99.44,
3339,99.61,99.55,
3342,99.44,99.44,
3345,99.61,99.61,
3348,99.56,99.56,
3351,99.17,99.17,
3354,99.39,99.39,
3357,99.56,99.56,
3360,99.33,99.33,
3363,99.67,99.61,
3366,99.83,99.83,
3369,99.56,99.56,
3372,99.5,99.5,
3375,99.33,99.33,
3378,99.44,99.44,
3381,99.39,99.39,
3384,99.22,99.22,
3387,99.83,99.83,
3390,99.67,99.67,
3393,99.44,99.44,
3396,99.33,99.33,
3399,99.22,99.22,
3402,99.11,99.11,
3405,99.0,99.0,
3408,99.33,99.33,
3411,99.61,99.61,
3414,99.61,99.61,
3417,99.28,99.17,
3420,99.44,99.44,
3423,99.11,99.11,
3426,99.33,99.33,
3429,99.28,99.28,
3432,98.94,98.94,
3435,99.22,99.16,
3438,99.22,99.22,
3441,99.5,99.5,
3444,99.5,99.5,
3447,99.0,99.0,
3450,99.11,99.11,
3453,99.05,99.05,
3456,99.5,99.5,
3459,99.39,99.39,
3462,99.17,99.17,
3465,99.67,99.67,
3468,99.61,99.61,
3471,99.33,99.33,
3474,99.39,99.39,
3477,99.61,99.61,
3480,99.28,99.28,
3483,99.56,99.56,
3486,99.72,99.72,
3489,99.5,99.5,
3492,99.0,99.0,
3495,99.44,99.44,
3498,99.39,99.39,
3501,99.17,99.17,
3504,99.39,99.39,
3507,99.56,99.5,
3510,99.33,99.33,
3513,98.61,98.61,
3516,99.67,99.67,
3519,99.33,99.33,
3522,99.39,99.39,
3525,99.44,99.44,
3528,99.17,99.17,
3531,99.44,99.33,
3534,99.72,99.72,
3537,99.72,99.72,
3540,99.22,99.22,
3543,99.39,99.39,
3546,99.39,99.39,
3549,99.5,99.5,
3552,99.5,99.5,
3555,99.22,99.22,
3558,99.67,99.61,
3561,99.67,99.67,
3564,99.67,99.67,
3567,99.0,99.0,
3570,99.06,99.06,
3573,99.39,99.39,
3576,99.22,99.22,
3579,99.33,99.33,
3582,99.72,99.72,
3585,99.61,99.61,
3588,99.28,99.28,
3591,99.56,99.56,
3594,99.28,99.28,
3597,99.28,99.28,
3600,99.11,99.11,
3603,99.28,99.28,
3606,99.06,99.0,
3609,99.33,99.33,
3612,99.05,99.05,
3615,99.44,99.44,
3618,99.44,99.44,
3621,99.11,99.11,
3624,99.28,99.28,
3627,99.28,99.28,
3630,99.72,99.72,
3633,99.22,99.22,
3636,99.17,99.17,
3639,99.22,99.22,
3642,99.05,99.05,
3645,99.33,99.33,
3648,99.39,99.39,
3651,99.61,99.61,
3654,99.5,99.5,
3657,99.39,99.39,
3660,99.39,99.39,
3663,99.39,99.39,
3666,99.17,99.17,
3669,98.83,98.83,
3672,99.39,99.39,
3675,99.28,99.28,
3678,99.44,99.44,
3681,99.61,99.61,
3684,99.61,99.61,
3687,99.22,99.22,
3690,99.17,99.17,
3693,99.67,99.67,
3696,99.39,99.39,
3699,99.5,99.5,
3702,99.33,99.27,
3705,99.33,99.33,
3708,99.33,99.33,
3711,98.94,98.94,
3714,99.22,99.22,
3717,99.33,99.33,
3720,99.5,99.5,
3723,99.44,99.38,
3726,99.56,99.56,
3729,99.06,99.06,
3732,99.56,99.56,
3735,99.28,99.28,
3738,99.5,99.5,
3741,99.33,99.33,
3744,99.33,99.33,
3747,99.0,99.0,
3750,99.56,99.56,
3753,99.5,99.5,
3756,99.5,99.5,
3759,99.39,99.39,
3762,98.67,98.67,
3765,99.33,99.33,
3768,99.44,99.44,
3771,99.56,99.5,
3774,99.33,99.33,
3777,99.33,99.33,
3780,99.72,99.72,
3783,99.39,99.39,
3786,99.06,99.06,
3789,99.11,99.11,
3792,99.56,99.56,
3795,99.67,99.61,
3798,99.67,99.67,
3801,99.67,99.67,
3804,99.44,99.44,
3807,99.11,99.11,
3810,99.44,99.44,
3813,99.44,99.44,
3816,99.61,99.61,
3819,99.67,99.61,
3822,99.72,99.72,
3825,99.22,99.22,
3828,99.33,99.33,
3831,99.33,99.33,
3834,99.11,99.11,
3837,99.06,99.06,
3840,99.5,99.5,
3843,99.67,99.67,
3846,99.5,99.5,
3849,99.39,99.39,
3852,99.33,99.33,
3855,99.78,99.78,
3858,99.11,99.11,
3861,99.61,99.61,
3864,98.89,98.89,
3867,99.5,99.44,
3870,99.28,99.28,
3873,99.39,99.39,
3876,99.56,99.56,
3879,99.17,99.17,
3882,99.67,99.67,
3885,99.44,99.44,
3888,99.44,99.44,
3891,99.39,99.39,
3894,99.61,99.61,
3897,99.61,99.61,
3900,99.56,99.56,
3903,99.39,99.39,
3906,99.61,99.61,
3909,98.78,98.78,
3912,99.22,99.22,
3915,99.72,99.72,
3918,99.61,99.61,
3921,99.67,99.61,
3924,99.17,99.17,
3927,98.72,98.72,
3930,99.61,99.61,
3933,99.11,99.11,
3936,99.56,99.56,
3939,99.11,99.11,
3942,99.67,99.61,
3945,99.83,99.83,
3948,99.72,99.72,
3951,99.67,99.67,
3954,99.56,99.56,
3957,99.44,99.44,
3960,99.56,99.56,
3963,99.17,99.17,
3966,99.78,99.78,
3969,99.78,99.78,
3972,99.83,99.77,
3975,99.61,99.61,
3978,99.11,99.11,
3981,99.5,99.5,
3984,98.61,98.61,
3987,99.22,99.22,
3990,99.44,99.38,
3993,99.5,99.5,
3996,99.67,99.67,
3999,99.28,99.28,
4002,99.33,99.33,
4005,99.5,99.5,
4008,99.28,99.28,
4011,99.17,99.17,
4014,99.17,99.11,
4017,99.5,99.5,
4020,99.67,99.67,
4023,98.83,98.83,
4026,99.39,99.39,
4029,99.72,99.72,
4032,99.28,99.28,
4035,99.61,99.61,
4038,99.33,99.27,
4041,99.39,99.39,
4044,99.78,99.78,
4047,99.39,99.39,
4050,99.39,99.39,
4053,99.61,99.61,
4056,99.5,99.5,
4059,99.17,99.17,
4062,99.44,99.44,
4065,99.56,99.56,
4068,99.72,99.72,
4071,99.5,99.5,
4074,99.39,99.39,
4077,99.61,99.61,
4080,99.28,99.28,
4083,99.17,99.17,
4086,99.39,99.39,
4089,99.56,99.56,
4092,99.39,99.39,
4095,99.72,99.72,
4098,99.56,99.56,
4101,99.5,99.5,
4104,99.0,99.0,
4107,99.39,99.39,
4110,99.06,99.06,
4113,99.33,99.27,
4116,99.44,99.44,
4119,99.17,99.17,
4122,99.56,99.56,
4125,99.28,99.28,
4128,99.61,99.61,
4131,99.5,99.5,
4134,99.17,99.17,
4137,99.22,99.11,
4140,99.67,99.67,
4143,99.5,99.5,
4146,99.44,99.44,
4149,99.44,99.44,
4152,98.72,98.72,
4155,99.33,99.33,
4158,99.44,99.44,
4161,99.44,99.44,
4164,99.06,99.06,
4167,99.39,99.39,
4170,99.5,99.5,
4173,99.39,99.39,
4176,99.5,99.5,
4179,99.39,99.39,
4182,98.94,98.94,
4185,99.17,99.11,
4188,99.5,99.5,
4191,99.56,99.56,
4194,99.61,99.61,
4197,99.61,99.61,
4200,99.11,99.11,
4203,99.33,99.33,
4206,99.39,99.39,
4209,99.33,99.27,
4212,99.56,99.56,
4215,99.5,99.5,
4218,99.44,99.44,
4221,99.05,99.05,
4224,99.5,99.5,
4227,99.56,99.56,
4230,99.17,99.17,
4233,99.5,99.44,
4236,99.5,99.5,
4239,99.61,99.61,
4242,99.33,99.33,
4245,99.22,99.22,
4248,99.0,99.0,
4251,99.56,99.56,
4254,98.72,98.72,
4257,99.22,99.16,
4260,99.5,99.5,
4263,99.67,99.67,
4266,99.11,99.11,
4269,99.61,99.61,
4272,99.61,99.61,
4275,99.22,99.22,
4278,99.28,99.28,
4281,99.39,99.39,
4284,99.67,99.67,
4287,99.5,99.5,
4290,99.44,99.44,
4293,99.33,99.33,
4296,99.44,99.44,
4299,99.22,99.22,
4302,99.39,99.39,
4305,99.5,99.44,
4308,99.28,99.28,
4311,99.72,99.72,
4314,95.22,92.44,
4317,99.33,99.33,
4320,99.44,99.44,
4323,99.17,99.17,
4326,99.17,99.17,
4329,99.17,99.17,
4332,99.56,99.45,
4335,99.78,99.78,
4338,99.44,99.44,
4341,99.33,99.33,
4344,99.44,99.44,
4347,98.94,98.94,
4350,99.22,99.22,
4353,99.39,99.39,
4356,99.44,99.38,
4359,99.61,99.61,
4362,99.44,99.44,
4365,99.78,99.78,
4368,99.22,99.22,
4371,99.22,99.22,
4374,98.89,98.89,
4377,99.33,99.33,
4380,99.44,99.44,
4383,99.39,99.33,
4386,99.67,99.67,
4389,99.5,99.5,
4392,99.17,99.17,
4395,99.11,99.11,
4398,99.61,99.61,
4401,99.39,99.39,
4404,99.5,99.5,
4407,99.67,99.67,
4410,99.44,99.44,
4413,97.94,97.94,
4416,99.33,99.33,
4419,99.28,99.28,
4422,99.5,99.5,
4425,99.39,99.39,
4428,99.61,99.55,
4431,99.67,99.67,
4434,99.39,99.39,
4437,99.56,99.56,
4440,98.95,98.95,
4443,99.33,99.33,
4446,99.56,99.56,
4449,99.39,99.39,
4452,99.5,99.44,
4455,99.39,99.39,
4458,99.5,99.5,
4461,99.56,99.56,
4464,99.28,99.28,
4467,99.44,99.44,
4470,98.89,98.89,
4473,99.22,99.22,
4476,99.11,99.05,
4479,99.5,99.5,
4482,99.67,99.67,
4485,99.78,99.78,
4488,99.17,99.17,
4491,99.33,99.33,
4494,99.39,99.39,
4497,99.56,99.56,
4500,99.61,99.55,
4503,99.44,99.44,
4506,99.5,99.5,
4509,99.5,99.44,
4512,99.44,99.44,
4515,98.83,98.83,
4518,99.5,99.5,
4521,98.83,98.83,
4524,99.56,99.56,
4527,99.61,99.61,
4530,99.44,99.44,
4533,99.67,99.67,
4536,99.28,99.28,
4539,99.61,99.61,
4542,99.5,99.5,
4545,99.44,99.44,
4548,99.67,99.67,
4551,99.72,99.72,
4554,99.56,99.56,
4557,98.94,98.94,
4560,99.44,99.44,
4563,99.06,99.06,
4566,99.56,99.56,
4569,99.44,99.44,
4572,99.39,99.33,
4575,99.44,99.44,
4578,99.67,99.67,
4581,99.33,99.33,
4584,99.17,99.17,
4587,99.22,99.22,
4590,99.28,99.28,
4593,99.33,99.33,
4596,99.5,99.5,
4599,99.5,99.44,
4602,99.83,99.83,
4605,99.39,99.39,
4608,99.44,99.44,
4611,98.94,98.94,
4614,99.56,99.56,
4617,99.39,99.39,
4620,99.56,99.56,
4623,99.72,99.72,
4626,99.61,99.61,
4629,99.33,99.33,
4632,99.28,99.28,
4635,99.67,99.67,
4638,99.17,99.17,
4641,99.56,99.56,
4644,99.39,99.39,
4647,99.39,99.33,
4650,99.72,99.72,
4653,99.67,99.67,
4656,99.33,99.33,
4659,99.28,99.28,
4662,99.06,99.06,
4665,99.5,99.5,
4668,99.06,99.06,
4671,99.5,99.5,
4674,99.61,99.61,
4677,99.67,99.67,
4680,99.61,99.61,
4683,99.5,99.5,
4686,99.33,99.33,
4689,99.28,99.28,
4692,99.06,99.06,
4695,99.5,99.5,
4698,99.5,99.5,
4701,99.67,99.67,
4704,99.39,99.39,
4707,99.61,99.61,
4710,99.17,99.17,
4713,99.22,99.22,
4716,99.33,99.33,
4719,99.44,99.44,
4722,99.56,99.5,
4725,99.61,99.61,
4728,99.06,99.06,
4731,99.33,99.33,
4734,99.33,99.33,
4737,99.22,99.22,
4740,99.11,99.11,
4743,99.22,99.22,
4746,99.83,99.77,
4749,99.5,99.5,
4752,99.44,99.44,
4755,99.5,99.5,
4758,99.06,99.06,
4761,99.5,99.5,
4764,99.67,99.67,
4767,99.78,99.78,
4770,99.44,99.44,
4773,99.67,99.67,
4776,99.61,99.61,
4779,99.33,99.33,
4782,99.22,99.22,
4785,99.39,99.39,
4788,99.44,99.44,
4791,99.22,99.22,
4794,99.28,99.28,
4797,99.44,99.38,
4800,99.39,99.39,
4803,99.44,99.44,
4806,99.05,99.05,
4809,99.11,99.11,
4812,99.39,99.39,
4815,99.0,99.0,
4818,99.11,99.11,
4821,99.5,99.5,
4824,99.56,99.56,
4827,99.89,99.89,
4830,99.11,99.11,
4833,99.11,99.11,
4836,99.5,99.5,
4839,99.39,99.39,
4842,99.11,99.05,
4845,99.0,98.94,
4848,99.72,99.72,
4851,99.39,99.39,
4854,99.39,99.39,
4857,99.11,99.11,
4860,99.44,99.44,
4863,99.39,99.39,
4866,99.28,99.28,
4869,99.5,99.28,
4872,99.44,99.44,
4875,99.44,99.44,
4878,99.72,99.72,
4881,98.16,96.77,
4884,99.67,99.67,
4887,99.33,99.33,
4890,99.06,99.06,
4893,99.33,99.33,
4896,99.61,99.61,
4899,99.5,99.5,
4902,99.28,99.28,
4905,99.56,99.56,
4908,99.5,99.5,
4911,99.05,99.05,
4914,99.22,99.22,
4917,99.44,99.38,
4920,99.67,99.67,
4923,99.61,99.61,
4926,99.39,99.39,
4929,99.67,99.67,
4932,99.61,99.61,
4935,99.39,99.39,
4938,99.44,99.44,
4941,99.72,99.66,
4944,99.72,99.72,
4947,98.33,97.89,
4950,99.5,99.5,
4953,99.28,99.28,
4956,98.89,98.89,
4959,99.33,99.33,
4962,98.89,98.89,
4965,99.72,99.66,
4968,99.56,99.56,
4971,99.39,99.39,
4974,99.61,99.61,
4977,99.67,99.67,
4980,99.44,99.44,
4983,99.22,99.22,
4986,99.56,99.56,
4989,99.44,99.38,
4992,99.56,99.56,
4995,99.28,99.28,
4998,99.33,99.33,
5001,99.22,99.22,
5004,99.17,99.17,
5007,98.5,98.44,
5010,99.39,99.39,
5013,99.72,99.72,
5016,99.67,99.67,
5019,99.17,99.17,
5022,99.33,99.33,
5025,99.67,99.67,
5028,99.56,99.56,
5031,99.56,99.56,
5034,99.39,99.39,
5037,99.56,99.56,
5040,99.67,99.67,
5043,99.67,99.67,
5046,99.83,99.83,
5049,99.61,99.61,
5052,99.5,99.5,
5055,99.5,99.5,
5058,99.61,99.61,
5061,99.56,99.56,
5064,99.44,99.38,
5067,99.67,99.67,
5070,99.39,99.39,
5073,99.33,99.33,
5076,99.44,99.44,
5079,99.17,99.17,
5082,99.22,99.22,
5085,99.72,99.72,
5088,99.61,99.61,
5091,99.72,99.72,
5094,99.5,99.5,
5097,99.67,99.67,
5100,96.83,96.27,
5103,99.28,99.28,
5106,98.94,98.94,
5109,99.56,99.56,
5112,99.39,99.33,
5115,99.5,99.5,
5118,99.5,99.5,
5121,99.44,99.44,
5124,99.56,99.56,
5127,99.22,99.22,
5130,99.11,99.11,
5133,98.61,98.61,
5136,99.72,99.66,
5139,99.39,99.39,
5142,99.83,99.83,
5145,99.5,99.5,
5148,99.33,99.33,
5151,99.61,99.61,
5154,99.39,99.39,
5157,98.94,98.94,
5160,99.61,99.55,
5163,99.33,99.33,
5166,99.44,99.44,
5169,99.44,99.44,
5172,99.5,99.5,
5175,99.39,99.39,
5178,99.39,99.39,
5181,99.44,99.44,
5184,99.33,99.33,
5187,99.44,99.44,
5190,99.67,99.67,
5193,99.17,99.17,
5196,99.61,99.61,
5199,99.33,99.33,
5202,99.11,99.11,
5205,99.5,99.5,
5208,99.5,99.5,
5211,99.28,99.28,
5214,99.61,99.61,
5217,99.28,99.28,
5220,99.61,99.61,
5223,99.5,99.5,
5226,99.33,99.33,
5229,99.22,99.22,
5232,99.05,99.05,
5235,99.61,99.55,
5238,99.56,99.56,
5241,99.5,99.44,
5244,99.45,99.45,
5247,99.56,99.56,
5250,99.17,99.17,
5253,99.22,99.22,
5256,99.56,99.56,
5259,99.22,99.22,
5262,99.28,99.28,
5265,99.61,99.61,
5268,99.33,99.33,
5271,98.89,98.89,
5274,99.22,99.22,
5277,99.5,99.5,
5280,99.17,99.17,
5283,99.33,99.27,
5286,99.56,99.56,
5289,99.61,99.61,
5292,99.33,99.33,
5295,99.17,99.17,
5298,99.67,99.67,
5301,99.11,99.11,
5304,98.94,98.94,
5307,99.72,99.66,
5310,99.67,99.67,
5313,99.67,99.67,
5316,98.89,98.89,
5319,99.11,99.11,
5322,99.11,99.11,
5325,99.28,99.28,
5328,99.28,99.28,
5331,99.61,99.61,
5334,99.44,99.44,
5337,99.44,99.44,
5340,99.61,99.61,
5343,99.44,99.44,
5346,99.39,99.39,
5349,99.22,99.22,
5352,99.28,99.28,
5355,99.28,99.22,
5358,99.33,99.33,
5361,99.61,99.61,
5364,98.78,98.78,
5367,99.44,99.44,
5370,99.67,99.67,
5373,99.39,99.39,
5376,99.61,99.61,
5379,99.33,99.27,
5382,99.78,99.78,
5385,99.61,99.61,
5388,99.33,99.33,
5391,99.28,99.28,
5394,99.17,99.17,
5397,99.06,99.06,
5400,99.5,99.5,
5403,99.33,99.33,
5406,99.72,99.66,
5409,99.5,99.5,
5412,99.44,99.44,
5415,99.55,99.55,
5418,99.17,99.17,
5421,99.61,99.61,
5424,99.44,99.44,
5427,99.44,99.44,
5430,99.5,99.5,
5433,99.39,99.39,
5436,99.28,99.28,
5439,99.39,99.39,
5442,99.61,99.61,
5445,99.39,99.39,
5448,99.56,99.56,
5451,99.83,99.83,
5454,99.56,99.45,
5457,99.67,99.67,
5460,99.67,99.67,
5463,99.28,99.28,
5466,99.22,99.22,
5469,99.33,99.33,
5472,99.11,99.11,
5475,99.39,99.39,
5478,99.72,99.72,
5481,99.72,99.72,
5484,99.44,99.44,
5487,99.28,99.28,
5490,99.33,99.33,
5493,99.61,99.61,
5496,99.0,99.0,
5499,99.56,99.56,
5502,99.61,99.55,
5505,99.44,99.44,
5508,99.5,99.5,
5511,99.17,99.17,
5514,99.5,99.5,
5517,99.61,99.61,
5520,99.28,99.28,
5523,99.67,99.67,
5526,99.0,98.94,
5529,99.39,99.39,
5532,99.44,99.44,
5535,99.5,99.5,
5538,99.5,99.5,
5541,99.39,99.39,
5544,99.44,99.44,
5547,99.22,99.22,
5550,99.11,99.11,
5553,99.44,99.44,
5556,99.5,99.5,
5559,99.67,99.67,
5562,99.28,99.28,
5565,99.11,99.11,
5568,99.72,99.72,
5571,99.11,99.11,
5574,99.33,99.33,
5577,99.61,99.61,
5580,99.5,99.5,
5583,99.44,99.44,
5586,99.5,99.5,
5589,99.56,99.56,
5592,99.28,99.28,
5595,99.39,99.39,
5598,99.39,99.28,
5601,99.22,99.22,
5604,99.56,99.56,
5607,99.61,99.61,
5610,99.17,99.17,
5613,99.33,99.33,
5616,99.33,99.33,
5619,98.72,98.72,
5622,99.0,99.0,
5625,99.5,99.44,
5628,99.72,99.72,
5631,99.5,99.5,
5634,99.28,99.28,
5637,99.39,99.39,
5640,99.44,99.44,
5643,99.33,99.33,
5646,99.67,99.67,
5649,99.56,99.56,
5652,99.67,99.67,
5655,99.61,99.61,
5658,99.67,99.67,
5661,99.0,99.0,
5664,99.39,99.39,
5667,98.83,98.83,
5670,84.91,82.16,
5673,48.62,43.62,
5676,10.060000000000002,5.360000000000002,
5679,3.569999999999993,3.119999999999993,
5682,4.019999999999996,3.909999999999996,
5685,2.9599999999999937,2.5699999999999936,
5688,17.92,15.8,
5691,9.11,5.81,
5694,31.989999999999995,27.339999999999996,
5697,44.2,43.300000000000004,
5700,57.85,55.940000000000005,
5703,58.14,54.22,
5706,45.84,44.95,
5709,57.09,55.13,
5712,51.32,49.59,
5715,54.03,53.410000000000004,
5718,61.95,61.56,
5721,48.88,48.260000000000005,
5724,53.95,52.720000000000006,
5727,51.2,49.24,
5730,32.980000000000004,27.560000000000002,
5733,59.66,51.769999999999996,
5736,98.88,86.38,
5739,99.5,80.17,
5742,97.9,70.45,
5745,94.27,60.8,
5748,95.43,78.67,
5751,97.16,90.91,
5754,97.4,91.81,
5757,87.92,52.7,
5760,87.53,31.550000000000004,
5763,80.99,48.49999999999999,
5766,97.74,74.03999999999999,
5769,92.44,56.599999999999994,
5772,97.33,91.59,
5775,97.8,93.17,
5778,97.69,93.00999999999999,
5781,98.31,92.05,
5784,91.05,63.019999999999996,
5787,98.02,93.44,
5790,98.13,92.69999999999999,
5793,98.42,93.67,
5796,98.43,94.44000000000001,
5799,98.42,94.25,
5802,78.17,16.07,
5805,85.22,39.75,
5808,96.91,61.199999999999996,
5811,89.21000000000001,55.220000000000006,
5814,96.11,66.39,
5817,98.81,79.24000000000001,
5820,96.49,62.209999999999994,
5823,98.37,80.06,
5826,98.42,70.74000000000001,
5829,95.98,72.30000000000001,
5832,98.47,76.23,
5835,72.24,17.119999999999997,
5838,85.71000000000001,46.900000000000006,
5841,98.64,78.89,
5844,93.82,61.04999999999999,
5847,98.42,78.19,
5850,98.53,75.79,
5853,97.51,63.89000000000001,
5856,98.08,77.74,
5859,98.64,79.99000000000001,
5862,98.53,77.64,
5865,84.65,27.010000000000005,
5868,95.23,57.220000000000006,
5871,98.13,76.99,
5874,97.68,77.41000000000001,
5877,96.34,62.760000000000005,
5880,96.0,67.41,
5883,99.04,79.42,
5886,98.47,70.71,
5889,98.48,75.58000000000001,
5892,98.58,77.38,
5895,83.34,35.970000000000006,
5898,82.36,33.29,
5901,98.76,78.06,
5904,95.36,61.05,
5907,98.58,75.59,
5910,98.75,76.52,
5913,98.74,74.57,
5916,93.88,59.9,
5919,97.27,74.19,
5922,98.01,73.34,
5925,76.31,14.810000000000002,
5928,95.73,74.39,
5931,96.02,59.62,
5934,98.13,77.5,
5937,98.41,77.17,
5940,96.04,62.800000000000004,
5943,94.71,61.739999999999995,
5946,98.41,75.69,
5949,94.02,58.54,
5952,97.29,74.0,
5955,79.1,14.349999999999994,
5958,96.9,64.06,
5961,98.26,72.87,
5964,96.94,61.91,
5967,98.81,79.04,
5970,96.76,60.96000000000001,
5973,97.83,71.36,
5976,95.71,60.05,
5979,97.32,70.07,
5982,97.23,77.08000000000001,
5985,88.85,48.629999999999995,
5988,92.86,52.8,
5991,92.9,53.300000000000004,
5994,97.89,76.53,
5997,98.41,58.919999999999995,
6000,98.14,74.35,
6003,98.41,77.89999999999999,
6006,92.73,58.660000000000004,
6009,95.28,59.58,
6012,98.24,72.36999999999999,
6015,92.26,58.870000000000005,
6018,89.52,51.06999999999999,
6021,85.84,41.220000000000006,
6024,98.42,70.44,
6027,97.74,60.269999999999996,
6030,97.59,74.41,
6033,89.86,60.239999999999995,
6036,94.57,60.919999999999995,
6039,96.88,74.94999999999999,
6042,98.41,78.03,
6045,90.6,57.019999999999996,
6048,97.77,69.78,
6051,88.93,50.220000000000006,
6054,84.01,38.25000000000001,
6057,90.01,48.17,
6060,97.89,73.42,
6063,98.29,76.14000000000001,
6066,92.51,56.93000000000001,
6069,92.72,61.79,
6072,97.37,72.38000000000001,
6075,94.06,59.760000000000005,
6078,93.28,65.15,
6081,97.89,68.81,
6084,92.94,60.54,
6087,85.89,26.799999999999997,
6090,98.18,64.30000000000001,
6093,98.58,68.86,
6096,98.24,76.47999999999999,
6099,91.98,57.53,
6102,94.99,62.23,
6105,97.5,71.14,
6108,98.24,76.35,
6111,96.04,64.27000000000001,
6114,95.61,65.35,
6117,79.15,22.550000000000004,
6120,97.17,73.65,
6123,97.68,65.95,
6126,98.58,72.43,
6129,97.33,68.12,
6132,93.12,58.730000000000004,
6135,99.15,69.09,
6138,96.27,59.959999999999994,
6141,97.29,70.10000000000001,
6144,98.28,70.84,
6147,89.0,49.03,
6150,96.96,67.22,
6153,82.53999999999999,27.61999999999999,
6156,90.55,53.879999999999995,
6159,97.99,70.13999999999999,
6162,98.23,73.74000000000001,
6165,96.52,57.33,
6168,92.83,59.82,
6171,95.61,71.38,
6174,97.55,74.52,
6177,93.91,59.44,
6180,92.02,51.739999999999995,
6183,81.16,29.83,
6186,98.46,59.669999999999995,
6189,97.16,72.74,
6192,98.98,78.36,
6195,90.98,58.25000000000001,
6198,92.46,58.989999999999995,
6201,96.42,69.29,
6204,96.13,63.73,
6207,97.84,72.19,
6210,94.36,54.269999999999996,
6213,92.67,64.73,
6216,86.52,27.97,
6219,95.6,55.699999999999996,
6222,90.8,52.309999999999995,
6225,94.02,56.55,
6228,92.69,61.209999999999994,
6231,93.8,66.53999999999999,
6234,92.11,57.14,
6237,90.69,50.86,
6240,98.27,71.64999999999999,
6243,91.78999999999999,52.849999999999994,
6246,90.15,58.440000000000005,
6249,93.92,56.7,
6252,97.6,72.16,
6255,80.35,31.909999999999997,
6258,97.26,71.2,
6261,98.12,73.65,
6264,98.52,76.37,
6267,95.05,56.33,
6270,97.89,73.6,
6273,98.07,75.14999999999999,
6276,98.58,72.85,
6279,87.33,52.78,
6282,89.07,51.61999999999999,
6285,91.26,51.330000000000005,
6288,98.07,72.07,
6291,98.3,74.94,
6294,93.33,57.64,
6297,98.63,72.22,
6300,98.68,70.96000000000001,
6303,94.07,59.00999999999999,
6306,98.46,70.97,
6309,94.16,59.519999999999996,
6312,96.41,67.25999999999999,
6315,90.38,44.959999999999994,
6318,90.53,52.21,
6321,98.36,73.56,
6324,95.71,60.32999999999999,
6327,98.03,72.28,
6330,99.1,69.52,
6333,95.79,59.190000000000005,
6336,97.67,70.54,
6339,92.39,59.83,
6342,97.59,71.10000000000001,
6345,97.76,67.47,
6348,88.19,39.58,
6351,88.98,45.82000000000001,
6354,91.03999999999999,55.669999999999995,
6357,98.46,73.8,
6360,91.36,57.25,
6363,98.29,71.84,
6366,98.85,72.88999999999999,
6369,93.97,52.01,
6372,93.39,58.31,
6375,97.03,71.36,
6378,89.77,54.17999999999999,
6381,85.84,42.95,
6384,89.03999999999999,44.96999999999999,
6387,98.75,67.38,
6390,97.04,57.92000000000001,
6393,97.72,70.53,
6396,98.97,74.81,
6399,95.23,58.07000000000001,
6402,91.81,55.63,
6405,98.01,70.95,
6408,98.52,70.14999999999999,
6411,91.21000000000001,53.370000000000005,
6414,85.98,50.230000000000004,
6417,89.49,42.96999999999999,
6420,98.86,73.52,
6423,95.11,58.92,
6426,91.48,55.440000000000005,
6429,89.35,54.459999999999994,
6432,98.2,71.53,
6435,94.0,55.04,
6438,97.9,72.69,
6441,90.22,51.65,
6444,97.07,69.60999999999999,
6447,89.82,50.42999999999999,
6450,93.91,61.31999999999999,
6453,89.52,46.269999999999996,
6456,84.92,44.5,
6459,97.6,70.41999999999999,
6462,98.4,72.87,
6465,90.31,52.02,
6468,92.0,60.17,
6471,95.26,69.89,
6474,93.5,56.33,
6477,95.79,63.63000000000001,
6480,95.32,67.6,
6483,95.21,57.88999999999999,
6486,86.78999999999999,37.74999999999999,
6489,89.51,49.150000000000006,
6492,94.49,59.98,
6495,97.61,71.25999999999999,
6498,95.8,63.699999999999996,
6501,95.95,65.85,
6504,94.88,56.599999999999994,
6507,91.74,58.349999999999994,
6510,98.4,69.60000000000001,
6513,98.12,72.71000000000001,
6516,95.62,54.03,
6519,95.45,65.11,
6522,87.74,44.74999999999999,
6525,94.12,60.730000000000004,
6528,93.23,53.61000000000001,
6531,97.86,70.38,
6534,97.17,60.74,
6537,97.44,71.82,
6540,98.51,71.92,
6543,91.92,57.84,
6546,96.5,62.63,
6549,98.68,68.98,
6552,90.46000000000001,45.95000000000001,
6555,95.88,68.82,
6558,80.98,25.730000000000004,
6561,96.52,68.97999999999999,
6564,91.09,54.88,
6567,95.76,65.83000000000001,
6570,93.14,61.85,
6573,96.74,69.08,
6576,93.28,60.92,
6579,96.75,68.5,
6582,88.03,53.22,
6585,97.32,70.22,
6588,80.95,23.520000000000003,
6591,93.23,65.66,
6594,91.19,56.36,
6597,98.69,73.82,
6600,98.57,72.22,
6603,92.89,53.47,
6606,94.23,61.14,
6609,96.58,71.49,
6612,92.74,59.239999999999995,
6615,92.49,57.62,
6618,93.16,63.11,
6621,85.37,37.38,
6624,89.28,44.050000000000004,
6627,98.2,72.36,
6630,93.84,53.67,
6633,92.43,51.550000000000004,
6636,97.61,70.83,
6639,88.4,54.57000000000001,
6642,91.58,59.95,
6645,92.92,65.12,
6648,90.91,50.88999999999999,
6651,91.38,58.22,
6654,85.75,43.33,
6657,97.53,69.01,
6660,87.15,54.52,
6663,89.53,41.04,
6666,95.61,64.65,
6669,98.01,71.69,
6672,94.94,56.699999999999996,
6675,92.29,56.940000000000005,
6678,95.3,64.67999999999999,
6681,90.5,53.98,
6684,97.09,70.35000000000001,
6687,98.91,74.58,
6690,89.83,52.309999999999995,
6693,85.65,39.470000000000006,
6696,77.84,38.78,
6699,97.78,70.29,
6702,92.57,57.739999999999995,
6705,97.03,69.4,
6708,95.65,63.00000000000001,
6711,97.26,61.61000000000001,
6714,90.28,56.620000000000005,
6717,98.18,71.59,
6720,96.64,68.09,
6723,85.91,50.23,
6726,98.35,73.58,
6729,86.51,37.730000000000004,
6732,82.96000000000001,40.38000000000001,
6735,89.88,51.8,
6738,97.81,69.29,
6741,96.78,54.59,
6744,97.22,70.87,
6747,96.74,55.459999999999994,
6750,96.97,69.15,
6753,97.35,70.03,
6756,90.43,50.43000000000001,
6759,97.54,68.94,
6762,98.79,68.69,
6765,85.97,42.3,
6768,88.75,38.41,
6771,93.71,56.14999999999999,
6774,96.46,67.41,
6777,97.72,71.42,
6780,92.21,57.129999999999995,
6783,96.52,67.74,
6786,98.34,73.0,
6789,97.5,56.24,
6792,93.69,56.849999999999994,
6795,96.64,66.37,
6798,87.63,42.589999999999996,
6801,89.74,44.49999999999999,
6804,91.87,50.650000000000006,
6807,97.89,71.27,
6810,98.4,72.4,
6813,91.25,55.04,
6816,93.4,57.11000000000001,
6819,98.97,74.83,
6822,97.95,71.07000000000001,
6825,98.01,58.86000000000001,
6828,95.04,65.34,
6831,90.87,48.660000000000004,
6834,86.06,46.510000000000005,
6837,93.04,52.07000000000001,
6840,89.44,50.699999999999996,
6843,97.75,69.96000000000001,
6846,92.48,59.35,
6849,89.68,55.300000000000004,
6852,90.58,51.17,
6855,98.73,71.51,
6858,85.52,51.089999999999996,
6861,91.77,50.72,
6864,90.78,58.59,
6867,96.5,64.25999999999999,
6870,89.72,44.32,
6873,95.57,57.13999999999999,
6876,98.4,67.73,
6879,91.85,57.99999999999999,
6882,97.83,71.5,
6885,94.56,60.900000000000006,
6888,95.07,64.42999999999999,
6891,97.89,71.62,
6894,95.44,58.93,
6897,95.55,67.28,
6900,93.74,55.129999999999995,
6903,78.51,23.010000000000005,
6906,95.84,62.18000000000001,
6909,98.07,69.42999999999999,
6912,98.01,73.52000000000001,
6915,90.18,50.74000000000001,
6918,96.07,66.63,
6921,90.63,58.97,
6924,97.61,72.48,
6927,90.4,52.35000000000001,
6930,94.82,64.42999999999999,
6933,98.35,61.63999999999999,
6936,87.38,42.3,
6939,86.76,50.45,
6942,98.64,65.99000000000001,
6945,87.8,56.769999999999996,
6948,89.16,54.66,
6951,97.97,72.17,
6954,95.76,57.790000000000006,
6957,95.83,60.61,
6960,96.21,65.46,
6963,97.31,68.19,
6966,89.95,48.88,
6969,96.67,59.85,
6972,95.9,60.760000000000005,
6975,85.36,42.85,
6978,89.85,49.349999999999994,
6981,97.54,72.28,
6984,97.99,72.42999999999999,
6987,91.14,55.52,
6990,96.42,61.61,
6993,94.99,66.91,
6996,91.74,53.559999999999995,
6999,97.77,70.87,
7002,98.17,70.62,
7005,88.97,42.69,
7008,89.85,50.879999999999995,
7011,97.44,71.42999999999999,
7014,96.64,65.15,
7017,94.82,65.10999999999999,
7020,97.55,74.03,
7023,98.75,62.72,
7026,97.2,67.24000000000001,
7029,97.25,70.53,
7032,92.78,53.47,
7035,88.67,49.230000000000004,
7038,92.86,58.06,
7041,89.74,48.87,
7044,98.42,65.87,
7047,95.08,54.96,
7050,97.63,61.379999999999995,
7053,90.26,57.96000000000001,
7056,96.63,69.58,
7059,91.64,56.47,
7062,90.51,52.150000000000006,
7065,97.2,68.42,
7068,98.39,72.12,
7071,83.56,44.46,
7074,98.11,70.2,
7077,81.58,22.6,
7080,88.85,53.35999999999999,
7083,97.88,71.14999999999999,
7086,97.89,69.03,
7089,94.6,57.87,
7092,98.22,70.28999999999999,
7095,94.79,63.55000000000001,
7098,95.2,67.54,
7101,89.02,53.73,
7104,94.63,58.60999999999999,
7107,87.69,49.83,
7110,77.02,27.779999999999994,
7113,88.26,55.7,
7116,95.33,68.45,
7119,95.11,55.21,
7122,97.95,72.03,
7125,95.99,64.74,
7128,93.54,59.900000000000006,
7131,97.89,72.89,
7134,91.56,56.21,
7137,96.59,70.14,
7140,97.03,67.54,
7143,84.48,50.150000000000006,
7146,79.56,40.77,
7149,98.01,72.5,
7152,93.02,63.14,
7155,91.63,49.97,
7158,98.03,70.89,
7161,98.08,61.3,
7164,97.88,70.14999999999999,
7167,94.66,62.65,
7170,95.74,57.839999999999996,
7173,96.2,66.30000000000001,
7176,85.19,38.66,
7179,91.32,64.88999999999999,
7182,86.52,47.33,
7185,89.43,43.580000000000005,
7188,93.3,59.3,
7191,95.88,66.57,
7194,98.4,71.19,
7197,98.73,73.66,
7200,99.2,58.35,
7203,96.04,66.89000000000001,
7206,97.6,71.63999999999999,
7209,98.8,73.07,
7212,76.87,24.830000000000005,
7215,93.44,52.9,
7218,92.26,59.34,
7221,97.66,71.0,
7224,89.73,58.34,
7227,97.49,72.39999999999999,
7230,90.78,52.65,
7233,98.29,71.2,
7236,95.17,63.31,
7239,95.06,67.05,
7242,85.18,45.160000000000004,
7245,93.84,55.7,
7248,80.56,38.59,
7251,98.74,74.6,
7254,97.91,51.699999999999996,
7257,97.18,66.66000000000001,
7260,92.44,55.16,
7263,98.53,74.0,
7266,94.22,62.01,
7269,93.29,58.830000000000005,
7272,90.32,57.53999999999999,
7275,94.46,60.379999999999995,
7278,88.01,51.14000000000001,
7281,96.9,68.89,
7284,72.56,18.080000000000005,
7287,96.16,68.57,
7290,91.7,60.34,
7293,97.55,72.00999999999999,
7296,91.03999999999999,57.13999999999999,
7299,94.62,65.44,
7302,97.71,71.28999999999999,
7305,95.27,57.83,
7308,97.44,71.74,
7311,98.74,74.66999999999999,
7314,78.24,18.209999999999994,
7317,86.44,38.769999999999996,
7320,98.06,74.22,
7323,96.36,60.03,
7326,98.29,67.85000000000001,
7329,98.06,66.35,
7332,94.52,61.989999999999995,
7335,88.69,51.989999999999995,
7338,98.23,70.66,
7341,98.28,64.95,
7344,92.9,59.68000000000001,
7347,91.25,48.38,
7350,73.44,22.08,
7353,96.7,71.73,
7356,91.15,51.150000000000006,
7359,89.85,52.92999999999999,
7362,94.58,62.07,
7365,90.06,53.45,
7368,96.25,68.11,
7371,90.18,51.370000000000005,
7374,91.18,53.49000000000001,
7377,97.0,70.69,
7380,97.92,67.91,
7383,85.28999999999999,41.38999999999999,
7386,94.26,52.36000000000001,
7389,93.54,56.510000000000005,
7392,91.5,51.49,
7395,97.89,72.4,
7398,97.78,72.11,
7401,98.63,73.74,
7404,90.17,54.910000000000004,
7407,97.65,69.16000000000001,
7410,98.63,71.88,
7413,91.99,54.629999999999995,
7416,94.9,56.410000000000004,
7419,86.02,50.12,
7422,86.76,44.540000000000006,
7425,90.68,57.61000000000001,
7428,97.39,73.95,
7431,98.29,76.5,
7434,92.42,54.24,
7437,97.72,70.48,
7440,94.09,64.66,
7443,94.18,61.61000000000001,
7446,86.36,51.47,
7449,97.66,68.94999999999999,
7452,83.61,35.57,
7455,81.77,32.589999999999996,
7458,95.45,58.59,
7461,87.05,50.68,
7464,97.91,66.74,
7467,93.45,58.050000000000004,
7470,92.33,55.41,
7473,91.48,61.82000000000001,
7476,97.43,64.9,
7479,91.58,51.37,
7482,92.38,49.85999999999999,
7485,93.02,57.76,
7488,97.7,70.79,
7491,87.64,40.36,
7494,94.09,51.59,
7497,96.44,72.22999999999999,
7500,96.62,70.53,
7503,90.44,54.919999999999995,
7506,97.04,70.03,
7509,98.8,73.17999999999999,
7512,92.66,56.54,
7515,97.66,71.78,
7518,97.6,71.3,
7521,92.95,53.580000000000005,
7524,89.82,50.22999999999999,
7527,93.18,53.56000000000001,
7530,97.84,72.61,
7533,98.46,72.88999999999999,
7536,92.42,52.59,
7539,97.66,70.35,
7542,93.0,61.91,
7545,95.65,64.37,
7548,90.94,50.629999999999995,
7551,92.93,55.42000000000001,
7554,94.17,63.94,
7557,87.13,27.549999999999997,
7560,98.53,70.54,
7563,86.18,49.800000000000004,
7566,94.64,61.660000000000004,
7569,90.22,56.08,
7572,91.17,65.02000000000001,
7575,89.59,56.290000000000006,
7578,90.2,50.49,
7581,98.45,68.95,
7584,96.9,68.51,
7587,89.02,51.059999999999995,
7590,93.66,60.169999999999995,
7593,84.25,30.6,
7596,84.76,45.36000000000001,
7599,98.75,71.25,
7602,98.91,68.78,
7605,92.02,61.059999999999995,
7608,97.53,69.49000000000001,
7611,96.97,62.72,
7614,95.6,67.61999999999999,
7617,97.94,73.15,
7620,95.54,58.510000000000005,
7623,89.91,50.76,
7626,85.41,34.809999999999995,
7629,94.6,58.239999999999995,
7632,95.9,65.51,
7635,93.34,65.07000000000001,
7638,98.69,72.14,
7641,94.06,60.61,
7644,94.84,66.42,
7647,97.49,72.03,
7650,92.04,53.64000000000001,
7653,93.63,59.419999999999995,
7656,88.81,56.03,
7659,71.01,29.330000000000005,
7662,95.51,55.620000000000005,
7665,84.32,50.199999999999996,
7668,90.13,55.669999999999995,
7671,98.2,70.0,
7674,90.5,55.23,
7677,92.22,53.17,
7680,95.82,67.28,
7683,98.79,70.47,
7686,89.53999999999999,50.54999999999999,
7689,87.63,47.19,
7692,92.82,59.959999999999994,
7695,87.41,58.0,
7698,86.23,37.67,
7701,97.49,72.39999999999999,
7704,93.9,54.71000000000001,
7707,97.83,70.78999999999999,
7710,97.65,67.03,
7713,96.91,63.209999999999994,
7716,98.63,70.94,
7719,94.7,55.980000000000004,
7722,98.23,71.53,
7725,98.4,72.57000000000001,
7728,68.23,17.360000000000007,
7731,97.04,66.94,
7734,98.45,69.76,
7737,91.31,63.09,
7740,97.31,71.41,
7743,98.68,73.49000000000001,
7746,97.77,64.3,
7749,98.0,63.94,
7752,97.72,69.09,
7755,92.53,56.27,
7758,97.49,71.16999999999999,
7761,83.28,30.840000000000003,
7764,93.54,63.93000000000001,
7767,91.43,53.440000000000005,
7770,95.82,53.29999999999999,
7773,98.82,71.55,
7776,93.36,55.05,
7779,97.88,71.00999999999999,
7782,89.42,51.34,
7785,95.63,65.39999999999999,
7788,93.27,53.879999999999995,
7791,97.26,68.04,
7794,89.31,50.400000000000006,
7797,89.83,52.9,
7800,87.53999999999999,43.56999999999999,
7803,97.59,69.72,
7806,96.16,63.589999999999996,
7809,96.17,64.31,
7812,98.05,72.19,
7815,92.04,54.720000000000006,
7818,98.21,71.02,
7821,93.88,56.53999999999999,
7824,97.94,70.02,
7827,89.84,47.14,
7830,77.99,17.14999999999999,
7833,95.44,66.1,
7836,93.5,59.71,
7839,94.8,62.9,
7842,98.58,73.62,
7845,91.23,53.790000000000006,
7848,97.72,71.44,
7851,98.29,72.65,
7854,93.72,55.28,
7857,97.78,69.54,
7860,89.27,46.519999999999996,
7863,84.94,33.69,
7866,78.91,40.699999999999996,
7869,98.48,72.88,
7872,91.09,52.080000000000005,
7875,96.33,63.58,
7878,91.51,56.46000000000001,
7881,93.77,60.489999999999995,
7884,97.64,67.59,
7887,92.38,54.209999999999994,
7890,98.5,70.88,
7893,88.71000000000001,52.220000000000006,
7896,94.75,61.68,
7899,90.46000000000001,53.09000000000001,
7902,84.89,39.11,
7905,82.65,36.93000000000001,
7908,94.75,64.9,
7911,96.33,63.449999999999996,
7914,96.46,73.19999999999999,
7917,94.18,60.050000000000004,
7920,95.66,69.33,
7923,98.34,72.43,
7926,98.57,74.75999999999999,
7929,97.49,67.07,
7932,90.46000000000001,50.92000000000001,
7935,89.02,33.16,
7938,97.95,71.80000000000001,
7941,98.18,68.58000000000001,
7944,93.56,62.790000000000006,
7947,89.69,55.64,
7950,92.37,60.27,
7953,93.45,62.050000000000004,
7956,89.12,50.260000000000005,
7959,97.94,70.27,
7962,92.99,55.099999999999994,
7965,95.59,63.99,
7968,89.05,35.05,
7971,89.05,44.919999999999995,
7974,95.28,64.35,
7977,95.07,62.459999999999994,
7980,88.9,53.32000000000001,
7983,95.1,53.239999999999995,
7986,98.76,73.07000000000001,
7989,91.58,58.79,
7992,97.19,65.46,
7995,91.81,57.900000000000006,
7998,97.86,66.27,
8001,88.13,42.089999999999996,
8004,95.73,66.7,
8007,90.67,39.65,
8010,90.66,52.309999999999995,
8013,98.4,72.28,
8016,94.14,56.410000000000004,
8019,97.66,71.87,
8022,94.93,65.4,
8025,94.22,62.57,
8028,92.01,55.84,
8031,98.12,71.42,
8034,98.11,64.49000000000001,
8037,88.87,42.690000000000005,
8040,87.64,39.78,
8043,97.26,70.4,
8046,97.78,64.16,
8049,94.51,63.02000000000001,
8052,97.89,70.21000000000001,
8055,89.83,50.97,
8058,97.54,71.05000000000001,
8061,96.46,66.41999999999999,
8064,91.99,58.69,
8067,88.52,53.559999999999995,
8070,95.55,65.92999999999999,
8073,90.27,34.49999999999999,
8076,92.67,60.47,
8079,90.68,62.25000000000001,
8082,99.2,75.67,
8085,98.36,71.15,
8088,89.89,54.71,
8091,97.8,64.75,
8094,88.61,53.32,
8097,95.46,67.69,
8100,91.53,53.29,
8103,91.28999999999999,55.03999999999999,
8106,92.61,55.07,
8109,98.04,72.11000000000001,
8112,77.86,17.950000000000003,
8115,95.87,67.96000000000001,
8118,94.3,60.76,
8121,96.16,69.5,
8124,93.59,59.59,
8127,95.98,65.61,
8130,97.42,69.55,
8133,93.16,53.38999999999999,
8136,97.88,72.21,
8139,96.45,70.31,
8142,84.58,41.839999999999996,
8145,81.65,20.10000000000001,
8148,98.86,76.4,
8151,98.41,74.56,
8154,95.39,63.21,
8157,96.75,70.38,
8160,97.15,71.81,
8163,93.46,55.029999999999994,
8166,97.54,63.25000000000001,
8169,90.51,60.11000000000001,
8172,96.92,67.99000000000001,
8175,87.02,37.05,
8178,84.48,31.080000000000005,
8181,92.83,55.87,
8184,89.33,51.41,
8187,97.97,69.24,
8190,90.78999999999999,54.40999999999999,
8193,97.57,71.24,
8196,91.19,54.48,
8199,97.23,66.45,
8202,95.91,59.79,
8205,94.41,60.69,
8208,95.11,62.39,
8211,91.37,52.78,
8214,93.44,59.18,
8217,88.47,42.5,
8220,95.36,69.41,
8223,93.92,61.35,
8226,96.06,68.02000000000001,
8229,97.65,68.95,
8232,98.23,72.29,
8235,97.43,66.56,
8238,94.86,61.41,
8241,97.55,69.19999999999999,
8244,85.05,36.62,
8247,87.58,42.66,
8250,97.6,69.53,
8253,92.14,61.730000000000004,
8256,97.55,71.31,
8259,93.72,55.76,
8262,96.93,69.95,
8265,97.44,70.6,
8268,94.06,55.53,
8271,97.38,71.33,
8274,98.29,72.19,
8277,90.18,52.00000000000001,
8280,77.28,21.200000000000003,
8283,96.77,74.97999999999999,
8286,96.61,56.46,
8289,96.85,62.49999999999999,
8292,87.63,52.599999999999994,
8295,93.89,61.89,
8298,98.69,76.24,
8301,94.92,56.47,
8304,86.45,49.34,
8307,97.42,69.9,
8310,98.33,69.4,
8313,82.47,38.23,
8316,94.14,59.27,
8319,94.99,57.959999999999994,
8322,94.36,61.79,
8325,97.82,69.66999999999999,
8328,96.09,61.49,
8331,94.53,68.25,
8334,97.82,70.16,
8337,91.81,55.31,
8340,96.51,67.42,
8343,98.63,73.74,
8346,91.03999999999999,50.53999999999999,
8349,78.27,20.029999999999994,
8352,98.35,70.6,
8355,91.3,58.93,
8358,90.77,52.33,
8361,97.94,69.15,
8364,98.4,72.65,
8367,96.0,55.19,
8370,97.95,72.35,
8373,95.66,63.599999999999994,
8376,94.75,64.02,
8379,95.83,66.03999999999999,
8382,82.99,41.55,
8385,92.53,56.44,
8388,95.31,57.7,
8391,97.8,67.5,
8394,93.95,56.620000000000005,
8397,94.06,56.11,
8400,97.82,67.38999999999999,
8403,94.52,59.589999999999996,
8406,96.96,69.50999999999999,
8409,95.07,53.24999999999999,
8412,91.06,60.67,
8415,97.87,70.46000000000001,
8418,92.52,54.849999999999994,
8421,85.75,37.4,
8424,94.16,56.9,
8427,91.16,58.72,
8430,93.45,55.160000000000004,
8433,96.97,70.13,
8436,98.57,73.35999999999999,
8439,92.76,56.080000000000005,
8442,97.37,62.27,
8445,94.75,63.34,
8448,98.3,71.53999999999999,
8451,90.07,47.71999999999999,
8454,80.44,41.32,
8457,95.81,69.2,
8460,97.61,72.24,
8463,93.69,54.9,
8466,96.85,68.52,
8469,98.34,72.49000000000001,
8472,91.39,55.97,
8475,96.3,68.32,
8478,98.52,70.75,
8481,94.3,57.87,
8484,94.57,65.96,
8487,79.75,20.42,
8490,98.63,74.86999999999999,
8493,93.65,55.35000000000001,
8496,94.54,58.300000000000004,
8499,87.57,52.029999999999994,
8502,90.72,53.67,
8505,89.86,57.13,
8508,97.61,68.87,
8511,96.63,65.24,
8514,91.78999999999999,58.709999999999994,
8517,97.7,66.36,
8520,89.15,44.43000000000001,
8523,94.27,58.11,
8526,91.02,49.54,
8529,90.63,54.12,
8532,96.7,71.30000000000001,
8535,98.52,74.55,
8538,89.0,54.58,
8541,97.31,70.71000000000001,
8544,97.94,70.38,
8547,91.65,56.980000000000004,
8550,96.53,69.65,
8553,93.77,62.209999999999994,
8556,90.99,49.599999999999994,
8559,87.47,33.73,
8562,94.97,56.4,
8565,98.74,72.03,
8568,91.26,57.38,
8571,97.54,69.65,
8574,89.05,60.06999999999999,
8577,94.8,64.84,
8580,97.83,70.0,
8583,94.47,53.82,
8586,97.71,63.89999999999999,
8589,85.94,52.32,
8592,81.92,32.910000000000004,
8595,91.38,54.559999999999995,
8598,96.26,65.57000000000001,
8601,87.22,45.05,
8604,79.97,43.01,
8607,72.03,36.47,
8610,26.189999999999998,16.799999999999997,
8613,7.1200000000000045,4.820000000000005,
