seconds,non-idle (%),utilization (%),
0,0.35875000000000057,0.35875000000000057,
3,2.0049999999999955,1.9220833333333287,
6,4.347916666666663,4.347916666666663,
9,4.314999999999998,4.273333333333331,
12,4.514583333333334,4.277916666666668,
15,4.320000000000007,4.320000000000007,
18,4.347500000000011,4.347500000000011,
21,4.305833333333339,4.305833333333339,
24,4.40291666666667,4.361250000000003,
27,4.851666666666674,4.33458333333334,
30,4.3345833333333275,4.3345833333333275,
33,4.402499999999989,4.360833333333322,
36,4.639166666666668,4.319583333333335,
39,4.387500000000003,4.345833333333336,
42,4.361249999999998,4.319583333333331,
45,4.25,4.25,
48,4.370833333333323,4.342916666666656,
51,4.404166666666654,4.278749999999988,
54,4.359166666666667,4.331666666666667,
57,4.319583333333341,4.319583333333341,
60,4.3187500000000085,4.2908333333333415,
63,4.278750000000002,4.278750000000002,
66,4.416666666666671,4.194166666666671,
69,4.310416666666654,4.282499999999987,
72,4.332916666666662,4.332916666666662,
75,4.333750000000009,4.305833333333342,
78,4.320833333333326,4.292916666666659,
81,4.460833333333326,4.348749999999993,
84,4.377499999999998,4.3354166666666645,
87,4.347500000000011,4.347500000000011,
90,4.402499999999989,4.360833333333322,
93,4.364166666666662,4.139999999999995,
96,4.333333333333329,4.333333333333329,
99,4.352500000000006,4.3112500000000065,
102,4.626666666666665,4.306249999999999,
105,4.361249999999998,4.319583333333331,
108,4.334166666666647,4.320416666666647,
111,4.376249999999985,4.376249999999985,
114,4.403750000000002,4.375833333333335,
117,4.445416666666674,4.277916666666673,
120,4.321250000000006,4.321250000000006,
123,4.389583333333334,4.389583333333334,
126,4.388333333333321,4.388333333333321,
129,4.3487499999999955,4.3487499999999955,
132,4.361666666666665,4.361666666666665,
135,4.333750000000009,4.333750000000009,
138,4.486666666666665,4.292499999999998,
141,4.319999999999993,4.319999999999993,
144,4.402499999999989,4.360833333333322,
147,4.375,4.375,
150,4.359999999999999,4.3325,
153,4.314583333333317,4.27291666666665,
156,4.3345833333333275,4.3345833333333275,
159,4.528750000000002,4.347916666666669,
162,4.514583333333334,4.362500000000001,
165,4.361249999999998,4.333749999999998,
168,4.3745833333333195,4.3745833333333195,
171,4.250833333333333,4.250833333333333,
174,4.305416666666659,4.305416666666659,
177,4.292083333333338,4.292083333333338,
180,4.305416666666659,4.277916666666659,
183,4.556666666666672,4.195000000000006,
186,4.416249999999991,4.388333333333324,
189,4.330416666666665,4.302916666666665,
192,4.361666666666665,4.361666666666665,
195,4.40291666666667,4.361250000000003,
198,4.392499999999984,4.350833333333317,
201,4.335416666666674,4.335416666666674,
204,4.357083333333321,4.343333333333321,
207,4.30625000000002,4.30625000000002,
210,4.929583333333326,4.3483333333333265,
213,5.18125000000002,4.18000000000002,
216,6.758750000000006,3.917500000000006,
219,4.429999999999993,4.124583333333326,
222,4.458749999999995,4.417083333333328,
225,4.40625,4.365,
228,4.359583333333333,4.318333333333333,
231,4.388333333333321,4.388333333333321,
234,4.391666666666666,4.349999999999999,
237,4.375,4.375,
240,4.341249999999988,4.313749999999988,
243,4.391666666666666,4.349999999999999,
246,5.008750000000006,4.139166666666673,
249,4.416666666666671,4.361666666666672,
252,6.522499999999994,4.3899999999999935,
255,5.040416666666658,4.636666666666659,
258,5.645416666666662,5.603749999999995,
261,5.635000000000005,5.635000000000005,
264,5.756666666666661,5.728749999999994,
267,5.202499999999986,3.2029166666666526,
270,5.342083333333321,2.822916666666654,
273,5.648750000000007,5.60708333333334,
276,5.601666666666674,5.601666666666674,
279,5.8004166666666634,5.772499999999996,
282,5.069999999999993,3.084999999999993,
285,4.858750000000001,2.8387500000000006,
288,4.375,4.375,
291,4.3754166666666805,4.347916666666681,
294,4.376666666666665,4.348333333333332,
297,4.320000000000007,4.320000000000007,
300,4.444166666666661,4.402499999999994,
303,4.361249999999998,4.361249999999998,
306,4.40291666666667,4.361250000000003,
309,4.362083333333331,4.320416666666664,
312,4.388750000000002,4.388750000000002,
315,5.379583333333315,4.126249999999982,
318,4.361249999999998,4.361249999999998,
321,7.732083333333335,4.001666666666669,
324,8.827499999999986,4.2374999999999865,
327,7.073333333333338,4.292083333333338,
330,4.416249999999991,4.374583333333324,
333,6.579166666666666,4.264166666666666,
336,4.361666666666679,4.334166666666679,
339,4.402499999999989,4.360833333333322,
342,4.291666666666671,3.0991666666666715,
345,4.570833333333326,3.4729166666666593,
348,5.290000000000006,5.162500000000006,
351,5.472500000000011,5.444583333333344,
354,5.460416666666674,5.418750000000007,
357,5.405416666666653,5.405416666666653,
360,5.5049999999999955,5.477083333333328,
363,5.513333333333321,5.513333333333321,
366,5.390416666666667,5.3625,
369,5.454583333333332,5.426666666666665,
372,5.452083333333334,5.452083333333334,
375,5.672500000000014,5.630833333333347,
378,6.5533333333333275,5.340833333333327,
381,10.318333333333328,5.255833333333328,
384,10.528750000000002,5.3225000000000025,
387,8.168750000000003,5.87541666666667,
390,5.761250000000004,5.370833333333337,
393,8.21875,5.399166666666666,
396,5.622916666666654,5.622916666666654,
399,6.007083333333341,3.7987500000000076,
402,4.333750000000009,4.333750000000009,
405,4.455833333333331,4.400416666666664,
408,4.291666666666671,4.291666666666671,
411,4.382499999999993,4.341249999999993,
414,4.626249999999985,4.361249999999985,
417,4.360833333333332,4.360833333333332,
420,4.376249999999985,4.3620833333333175,
423,4.6254166666666805,4.3337500000000135,
426,4.389583333333334,4.361666666666667,
429,4.399583333333339,4.35833333333334,
432,4.3062499999999915,4.3062499999999915,
435,4.3441666666666805,4.3162500000000135,
438,4.334583333333342,4.334583333333342,
441,4.3487499999999955,4.3070833333333285,
444,4.365416666666661,4.337499999999994,
447,4.333749999999995,4.333749999999995,
450,4.5004166666666805,4.2920833333333475,
453,4.347916666666677,4.347916666666677,
456,4.305416666666659,4.277499999999992,
459,4.342916666666667,4.342916666666667,
462,4.334166666666647,4.30624999999998,
465,4.362499999999997,4.33458333333333,
468,4.3062499999999915,4.3062499999999915,
471,4.348333333333315,4.320416666666648,
474,4.321250000000006,4.321250000000006,
477,4.347500000000011,4.305833333333344,
480,4.374166666666667,4.374166666666667,
483,4.458333333333329,4.319583333333329,
486,4.360833333333332,4.360833333333332,
489,4.417500000000004,4.348333333333337,
492,4.292499999999976,4.292499999999976,
495,4.334166666666661,4.334166666666661,
498,4.332499999999996,4.332499999999996,
501,4.348333333333315,4.348333333333315,
504,4.292916666666656,4.292916666666656,
507,4.34666666666665,4.34666666666665,
510,4.264583333333334,4.264583333333334,
513,4.389166666666668,4.389166666666668,
516,4.361249999999998,4.361249999999998,
519,4.305000000000007,4.305000000000007,
522,4.277499999999989,4.277499999999989,
525,4.362083333333331,4.334166666666664,
528,4.333750000000009,4.333750000000009,
531,4.320000000000007,4.320000000000007,
534,4.375833333333333,4.375833333333333,
537,4.2645833333333485,4.250416666666681,
540,4.320416666666674,4.278750000000007,
543,4.333333333333329,4.333333333333329,
546,4.34708333333333,4.319166666666663,
549,4.291249999999991,4.291249999999991,
552,4.360416666666666,4.318749999999999,
555,4.361249999999998,4.361249999999998,
558,4.444999999999993,4.37541666666666,
561,4.347916666666663,4.347916666666663,
564,4.457916666666662,4.429999999999995,
567,4.305833333333339,4.305833333333339,
570,4.376249999999985,4.334583333333318,
573,4.402083333333337,4.402083333333337,
576,4.389166666666668,4.347500000000001,
579,4.304999999999993,4.304999999999993,
582,4.292083333333338,4.264166666666671,
585,4.320833333333326,4.320833333333326,
588,4.388750000000002,4.3329166666666685,
591,4.319583333333341,4.319583333333341,
594,4.388333333333321,4.388333333333321,
597,4.347500000000011,4.347500000000011,
600,4.361249999999998,4.333333333333331,
603,4.319583333333341,4.319583333333341,
606,4.4312499999999915,4.3895833333333245,
609,4.334166666666661,4.334166666666661,
612,4.402083333333323,4.360416666666656,
615,4.360833333333332,4.360833333333332,
618,4.884166666666658,4.7733333333333245,
621,5.632500000000007,5.632500000000007,
624,6.427916666666661,5.7966666666666615,
627,6.113333333333344,6.113333333333344,
630,7.982916666666668,6.185416666666668,
633,5.097499999999982,5.028333333333316,
636,4.863749999999996,4.863749999999996,
639,4.958333333333357,4.874583333333357,
642,5.906249999999986,4.714583333333319,
645,4.40291666666667,4.375000000000003,
648,4.1341666666666725,3.579583333333339,
651,5.141249999999971,0.8304166666666379,
654,4.921666666666638,1.0304166666666386,
657,4.623750000000015,0.722916666666682,
660,4.8529166666666725,1.0870833333333398,
663,4.919166666666683,1.0850000000000164,
666,4.523333333333312,0.9324999999999783,
669,4.703749999999999,1.1004166666666655,
672,4.578750000000014,0.9904166666666794,
675,4.4541666666666515,0.5829166666666521,
678,4.65958333333333,0.9195833333333301,
681,4.782083333333333,1.0445833333333319,
684,4.6595833333333445,0.9891666666666787,
687,4.869583333333324,1.1937499999999908,
690,4.845833333333346,1.057500000000013,
693,5.058333333333337,1.3020833333333375,
696,4.903750000000002,1.1700000000000021,
699,4.807916666666685,1.1800000000000193,
702,4.736249999999998,1.0433333333333312,
705,4.802499999999995,1.030833333333328,
708,4.7087499999999665,1.0608333333332998,
711,4.845833333333317,0.9608333333333174,
714,4.864583333333329,1.0983333333333278,
717,4.740416666666661,1.030833333333328,
720,4.6058333333333366,1.01916666666667,
723,4.572083333333339,0.9908333333333386,
726,4.733749999999986,1.141249999999987,
729,4.589166666666699,1.0883333333333662,
732,4.543333333333308,1.1816666666666404,
735,1.4370833333333195,1.3537499999999862,
738,0.5087500000000063,0.4529166666666729,
741,0.3987500000000068,0.3987500000000068,
744,0.38375000000000625,0.3283333333333396,
747,0.32833333333333314,0.32833333333333314,
750,0.551249999999996,0.3416666666666627,
753,0.5270833333333371,0.4712500000000038,
756,0.4200000000000159,0.4200000000000159,
759,0.3708333333333229,0.3708333333333229,
762,0.38791666666666913,0.38791666666666913,
765,0.4416666666666629,0.3999999999999962,
768,0.35666666666666913,0.35666666666666913,
771,0.4129166666666606,0.3712499999999939,
774,0.3849999999999909,0.3849999999999909,
777,0.3962499999999949,0.3545833333333282,
780,0.482916666666668,0.482916666666668,
783,0.4833333333333343,0.4279166666666676,
786,0.35874999999998636,0.35874999999998636,
789,0.35625000000000284,0.31458333333333616,
792,0.3995833333333394,0.3995833333333394,
795,0.525833333333324,0.4704166666666574,
798,0.454583333333332,0.454583333333332,
801,0.4416666666666629,0.38583333333332953,
804,0.3858333333333377,0.3858333333333377,
807,0.42583333333332973,0.37041666666666306,
810,0.38666666666667027,0.38666666666667027,
813,0.4545833333333462,0.39916666666667955,
816,0.35666666666668334,0.35666666666668334,
819,0.45291666666666686,0.3975000000000002,
822,0.4416666666666629,0.4416666666666629,
825,0.5387499999999932,0.4833333333333265,
828,0.34541666666666515,0.34541666666666515,
831,0.40875000000001194,0.36708333333334525,
834,0.3679166666666589,0.3679166666666589,
837,0.4920833333333263,0.422499999999993,
840,0.39708333333334167,0.39708333333334167,
843,0.4395833333333172,0.3562499999999839,
846,0.3408333333333502,0.3408333333333502,
849,0.451666666666668,0.4100000000000013,
852,0.38333333333332575,0.38333333333332575,
855,0.3854166666666714,0.3437500000000047,
858,0.4241666666666646,0.4241666666666646,
861,0.48041666666667027,0.4525000000000036,
864,0.4091666666666782,0.4091666666666782,
867,0.5495833333333309,0.4941666666666642,
870,0.3720833333333218,0.3720833333333218,
873,0.4379166666666805,0.3962500000000138,
876,0.4241666666666788,0.4241666666666788,
879,0.3575000000000159,0.31583333333334923,
882,0.46875,0.46875,
885,0.4937499999999915,0.4379166666666581,
888,0.4695833333333326,0.4695833333333326,
891,0.4408333333333303,0.38541666666666363,
894,0.4420833333333434,0.4420833333333434,
897,0.52291666666666,0.48124999999999335,
900,0.45666666666666345,0.45666666666666345,
903,0.38083333333334224,0.33916666666667555,
906,0.3712499999999892,0.3712499999999892,
909,0.3983333333333263,0.3704166666666597,
912,0.3849999999999909,0.3849999999999909,
915,0.454583333333332,0.4129166666666653,
918,0.4137499999999932,0.4137499999999932,
921,0.4379166666666805,0.41000000000001385,
924,0.49500000000000455,0.49500000000000455,
927,0.43874999999998465,0.39708333333331797,
930,0.46791666666668164,0.46791666666668164,
933,0.42583333333334394,0.3983333333333439,
936,0.4541666666666657,0.4541666666666657,
939,0.4683333333333195,0.38374999999998616,
942,0.4100000000000108,0.38208333333334416,
945,0.326666666666668,0.326666666666668,
948,0.4270833333333286,0.3854166666666619,
951,0.38083333333332803,0.38083333333332803,
954,0.42874999999999375,0.38708333333332706,
957,0.37999999999999545,0.37999999999999545,
960,0.4237499999999983,0.39583333333333165,
963,0.46666666666665435,0.46666666666665435,
966,0.3858333333333377,0.344166666666671,
969,0.3954166666666765,0.3954166666666765,
972,0.49791666666665435,0.45624999999998767,
975,0.4104166666666629,0.4104166666666629,
978,0.4408333333333303,0.38541666666666363,
981,0.4549999999999983,0.4549999999999983,
984,0.42458333333331666,0.39666666666665,
987,0.3708333333333229,0.3708333333333229,
990,0.4541666666666657,0.4266666666666657,
993,0.34499999999998465,0.34499999999998465,
996,0.3708333333333229,0.34291666666665627,
999,0.3433333333333195,0.3433333333333195,
1002,0.46291666666665776,0.4074999999999911,
1005,0.42208333333333314,0.42208333333333314,
1008,0.482916666666668,0.42708333333333465,
1011,0.4237499999999983,0.4237499999999983,
1014,0.5362499999999955,0.49458333333332877,
1017,0.39708333333332746,0.39708333333332746,
1020,0.4275000000000091,0.3858333333333424,
1023,0.4512500000000017,0.4512500000000017,
1026,0.3395833333333371,0.3116666666666705,
1029,0.4787499999999909,0.4787499999999909,
1032,0.40791666666666515,0.3799999999999985,
1035,0.45375000000001364,0.45375000000001364,
1038,0.4541666666666515,0.35708333333331815,
1041,0.39749999999999375,0.39749999999999375,
1044,0.4129166666666606,0.3712499999999939,
1047,0.39708333333332746,0.39708333333332746,
1050,0.3116666666666674,0.29791666666666744,
1053,0.48499999999999943,0.48499999999999943,
1056,0.4416666666666629,0.3999999999999962,
1059,0.41166666666667595,0.41166666666667595,
1062,0.4379166666666805,0.41000000000001385,
1065,0.29708333333333314,0.29708333333333314,
1068,0.42499999999999716,0.3970833333333305,
1071,0.3270833333333343,0.3270833333333343,
1074,0.35291666666667254,0.2837500000000059,
1077,0.3858333333333377,0.3858333333333377,
1080,0.5391666666666453,0.4837499999999786,
1083,0.3987499999999926,0.3987499999999926,
1086,0.45375000000001364,0.425833333333347,
1089,0.33916666666668505,0.2695833333333517,
1092,0.39749999999999375,0.39749999999999375,
1095,0.44249999999999545,0.35874999999999546,
1098,0.4416666666666629,0.4416666666666629,
1101,0.44291666666667595,0.3733333333333426,
1104,0.4266666666666623,0.4266666666666623,
1107,0.4658333333333502,0.39625000000001687,
1110,0.34208333333333485,0.34208333333333485,
1113,0.3683333333333394,0.3266666666666727,
1116,0.3429166666666532,0.3429166666666532,
1119,0.5362499999999955,0.4670833333333288,
1122,0.5241666666666589,0.5241666666666589,
1125,0.3262500000000017,0.284583333333335,
1128,0.35583333333333655,0.35583333333333655,
1131,0.3983333333333263,0.35666666666665964,
1134,0.49416666666665776,0.49416666666665776,
1137,0.3854166666666714,0.33000000000000473,
1140,0.41458333333332575,0.41458333333332575,
1143,0.4275000000000091,0.3858333333333424,
1146,0.4133333333333411,0.4133333333333411,
1149,0.3816666666666606,0.3399999999999939,
1152,0.33791666666667197,0.33791666666667197,
1155,0.454583333333332,0.39916666666666534,
1158,0.41166666666667595,0.41166666666667595,
1161,0.5,0.4583333333333333,
1164,0.4141666666666737,0.4141666666666737,
1167,0.38708333333333655,0.34541666666666987,
1170,0.4408333333333303,0.4408333333333303,
1173,0.4366666666666674,0.38125000000000075,
1176,0.42583333333332973,0.42583333333332973,
1179,0.4962499999999892,0.4545833333333225,
1182,0.2950000000000017,0.2950000000000017,
1185,0.35250000000000625,0.31083333333333957,
1188,0.2679166666666788,0.2679166666666788,
1191,0.4312500000000199,0.3895833333333532,
1194,0.2804166666666674,0.2804166666666674,
1197,0.3758333333333326,0.3341666666666659,
1200,0.32416666666665606,0.32416666666665606,
1203,0.4333333333333371,0.3504166666666705,
1206,0.3508333333333411,0.3508333333333411,
1209,0.3774999999999977,0.33583333333333104,
1212,0.26874999999999716,0.26874999999999716,
1215,0.3645833333333286,0.3091666666666619,
1218,0.23833333333334394,0.23833333333334394,
1221,0.3895833333333343,0.3479166666666676,
1224,0.33458333333334167,0.33458333333334167,
1227,0.3924999999999983,0.3508333333333316,
1230,0.3466666666666498,0.3466666666666498,
1233,0.37666666666666515,0.32166666666666516,
1236,0.34958333333332803,0.34958333333332803,
1239,0.323750000000004,0.2820833333333373,
1242,0.19541666666667368,0.19541666666667368,
1245,0.30750000000000455,0.26583333333333786,
1248,0.3100000000000023,0.3100000000000023,
1251,0.3795833333333434,0.3241666666666767,
1254,0.3370833333333394,0.3370833333333394,
1257,0.4070833333333468,0.3516666666666801,
1260,0.32208333333333883,0.32208333333333883,
1263,0.32416666666665606,0.28249999999998937,
1266,0.3929166666666788,0.3929166666666788,
1269,0.3233333333333377,0.267916666666671,
1272,0.2804166666666532,0.2804166666666532,
1275,0.32208333333333883,0.28041666666667214,
1278,0.2804166666666674,0.2804166666666674,
1281,0.29416666666666913,0.25250000000000244,
1284,0.3204166666666737,0.3204166666666737,
1287,0.3637499999999818,0.30833333333331514,
1290,0.3762500000000131,0.3762500000000131,
1293,0.44708333333333883,0.39166666666667216,
1296,0.3083333333333229,0.3083333333333229,
1299,0.22458333333334224,0.16916666666667557,
1302,0.25208333333334565,0.25208333333334565,
1305,0.39374999999999716,0.3379166666666638,
1308,0.40500000000001535,0.40500000000001535,
1311,0.36583333333332746,0.3241666666666608,
1314,0.37708333333334565,0.37708333333334565,
1317,0.4066666666666805,0.3650000000000138,
1320,0.2958333333333343,0.2958333333333343,
1323,0.40458333333333485,0.3770833333333348,
1326,0.28249999999998465,0.28249999999998465,
1329,0.3787500000000108,0.3370833333333441,
1332,0.3504166666666606,0.3504166666666606,
1335,0.40416666666665435,0.36249999999998767,
1338,0.3083333333333371,0.3083333333333371,
1341,0.420416666666668,0.35125000000000134,
1344,0.3358333333333263,0.3358333333333263,
1347,0.37666666666666515,0.3487499999999985,
1350,0.25166666666666515,0.25166666666666515,
1353,0.4029166666666697,0.361250000000003,
1356,0.3916666666666657,0.3916666666666657,
1359,0.3366666666666589,0.2949999999999922,
1362,0.3645833333333286,0.3645833333333286,
1365,0.4170833333333377,0.38916666666667105,
1368,0.392083333333332,0.392083333333332,
1371,0.3791666666666771,0.3375000000000104,
1374,0.3362500000000068,0.3362500000000068,
1377,0.33875000000000455,0.29708333333333786,
1380,0.3758333333333326,0.3758333333333326,
1383,0.389166666666668,0.3475000000000013,
1386,0.4037500000000023,0.4037500000000023,
1389,0.33791666666667197,0.25458333333333866,
1392,0.3358333333333263,0.3358333333333263,
1395,0.41875000000000284,0.37708333333333616,
1398,0.39041666666666686,0.39041666666666686,
1401,0.4583333333333286,0.41624999999999523,
1404,0.36583333333334167,0.36583333333334167,
1407,0.41833333333333655,0.3629166666666699,
1410,0.29375000000000284,0.29375000000000284,
1413,0.34916666666667595,0.30750000000000927,
1416,0.26500000000000057,0.26500000000000057,
1419,0.39041666666666686,0.34875000000000017,
1422,0.3645833333333286,0.3645833333333286,
1425,0.40416666666665435,0.36249999999998767,
1428,0.2808333333333195,0.2808333333333195,
1431,0.4195833333333354,0.35041666666666876,
1434,0.3370833333333394,0.3370833333333394,
1437,0.35250000000000625,0.2970833333333396,
1440,0.3370833333333394,0.3370833333333394,
1443,0.4195833333333212,0.3779166666666545,
1446,0.25208333333334565,0.25208333333334565,
1449,0.32041666666664526,0.26541666666664526,
1452,0.36291666666666345,0.36291666666666345,
1455,0.4054166666666674,0.36375000000000074,
1458,0.32458333333333655,0.32458333333333655,
1461,0.33791666666667197,0.2825000000000053,
1464,0.323750000000004,0.323750000000004,
1467,0.34958333333334224,0.29416666666667557,
1470,0.30666666666665776,0.30666666666665776,
1473,0.3233333333333377,0.29541666666667105,
1476,0.24041666666666117,0.24041666666666117,
1479,0.39333333333333087,0.3241666666666642,
1482,0.30750000000000455,0.30750000000000455,
1485,0.44625000000000625,0.3908333333333396,
1488,0.3224999999999909,0.3224999999999909,
1491,0.3366666666666589,0.29458333333332554,
1494,0.32458333333333655,0.32458333333333655,
1497,0.45958333333332746,0.3766666666666608,
1500,0.3637499999999818,0.3637499999999818,
1503,0.2941666666666407,0.23833333333330736,
1506,0.32166666666667254,0.32166666666667254,
1509,0.3783333333333303,0.3366666666666636,
1512,0.2529166666666782,0.2529166666666782,
1515,0.4024999999999892,0.34708333333332253,
1518,0.28291666666666515,0.28291666666666515,
1521,0.48708333333331666,0.41749999999998333,
1524,0.4304166666666589,0.4304166666666589,
1527,0.3224999999999909,0.2808333333333242,
1530,0.3058333333333394,0.3058333333333394,
1533,0.363749999999996,0.30833333333332935,
1536,0.3783333333333303,0.3783333333333303,
1539,0.36541666666666117,0.29583333333332784,
1542,0.32208333333333883,0.32208333333333883,
1545,0.392083333333332,0.3504166666666653,
1548,0.29625000000000057,0.29625000000000057,
1551,0.39083333333333314,0.3349999999999998,
1554,0.31041666666665435,0.31041666666665435,
1557,0.3645833333333286,0.3229166666666619,
1560,0.3783333333333303,0.3783333333333303,
1563,0.44583333333332575,0.40416666666665907,
1566,0.4024999999999892,0.4024999999999892,
1569,0.4195833333333354,0.3500000000000021,
1572,0.3650000000000091,0.3650000000000091,
1575,0.3508333333333411,0.32291666666667446,
1578,0.3641666666666623,0.3641666666666623,
1581,0.3645833333333286,0.3229166666666619,
1584,0.29375000000000284,0.29375000000000284,
1587,0.43250000000000455,0.37750000000000455,
1590,0.3100000000000023,0.3100000000000023,
1593,0.3650000000000091,0.3233333333333424,
1596,0.37708333333334565,0.37708333333334565,
1599,0.41791666666665606,0.37624999999998937,
1602,0.3508333333333411,0.3508333333333411,
1605,0.4470833333333104,0.4058333333333104,
1608,0.3224999999999909,0.3224999999999909,
1611,0.3370833333333394,0.28125000000000605,
1614,0.40749999999998465,0.40749999999998465,
1617,0.39083333333333314,0.34916666666666646,
1620,0.31041666666665435,0.31041666666665435,
1623,0.4195833333333212,0.3779166666666545,
1626,0.3233333333333377,0.3233333333333377,
1629,0.40416666666665435,0.36249999999998767,
1632,0.3779166666666498,0.3779166666666498,
1635,0.33499999999999375,0.29333333333332706,
1638,0.21041666666667425,0.21041666666667425,
1641,0.3362499999999926,0.30833333333332597,
1644,0.37999999999999545,0.37999999999999545,
1647,0.34958333333332803,0.29458333333332803,
1650,0.3324999999999818,0.3324999999999818,
1653,0.44666666666667254,0.4187500000000059,
1656,0.3079166666666566,0.3079166666666566,
1659,0.420416666666668,0.35083333333333466,
1662,0.2958333333333485,0.2958333333333485,
1665,0.3362499999999926,0.2945833333333259,
1668,0.36333333333334394,0.36333333333334394,
1671,0.3116666666666674,0.27000000000000074,
1674,0.32166666666667254,0.32166666666667254,
1677,0.3779166666666498,0.3362499999999831,
1680,0.3508333333333411,0.3508333333333411,
1683,2.492916666666659,0.4595833333333257,
1686,0.41124999999999545,0.41124999999999545,
1689,0.3795833333333434,0.3379166666666767,
1692,0.3650000000000091,0.3650000000000091,
1695,0.3787500000000108,0.3370833333333441,
1698,0.32416666666665606,0.32416666666665606,
1701,0.36666666666667425,0.3112500000000076,
1704,0.36666666666667425,0.36666666666667425,
1707,0.41916666666666913,0.36375000000000246,
1710,0.3229166666666714,0.3229166666666714,
1713,0.3641666666666623,0.3224999999999956,
1716,0.41833333333333655,0.41833333333333655,
1719,0.44916666666667027,0.4075000000000036,
1722,0.3120833333333195,0.3120833333333195,
1725,0.23874999999999602,0.19708333333332936,
1728,0.34958333333334224,0.34958333333334224,
1731,0.40125000000000455,0.3454166666666712,
1734,0.3849999999999909,0.3849999999999909,
1737,0.32500000000000284,0.28333333333333616,
1740,0.4479166666666714,0.4479166666666714,
1743,0.4195833333333212,0.3779166666666545,
1746,0.3270833333333485,0.3270833333333485,
1749,0.49083333333332746,0.40708333333332747,
1752,0.40833333333334565,0.40833333333334565,
1755,0.3537499999999909,0.3120833333333242,
1758,0.32458333333333655,0.32458333333333655,
1761,0.39374999999999716,0.33874999999999716,
1764,0.41791666666665606,0.41791666666665606,
1767,0.4587500000000091,0.4170833333333424,
1770,0.4350000000000023,0.4350000000000023,
1773,0.5229166666666742,0.48125000000000756,
1776,0.3916666666666657,0.3916666666666657,
1779,0.3370833333333394,0.29500000000000604,
1782,0.36666666666667425,0.36666666666667425,
1785,0.3929166666666788,0.3512500000000121,
1788,0.3895833333333343,0.3895833333333343,
1791,0.44708333333333883,0.39166666666667216,
1794,0.36916666666667197,0.36916666666667197,
1797,0.4091666666666498,0.35333333333331646,
1800,0.426249999999996,0.426249999999996,
1803,0.3787500000000108,0.3370833333333441,
1806,0.3233333333333377,0.3233333333333377,
1809,0.3645833333333286,0.3229166666666619,
1812,0.363749999999996,0.363749999999996,
1815,0.3983333333333263,0.35624999999999296,
1818,0.3358333333333263,0.3358333333333263,
1821,0.3479166666666629,0.3058333333333295,
1824,0.32166666666667254,0.32166666666667254,
1827,0.5162499999999994,0.4470833333333328,
1830,0.295416666666668,0.295416666666668,
1833,0.3791666666666629,0.3374999999999962,
1836,0.38083333333332803,0.38083333333332803,
1839,0.40041666666667197,0.33083333333333864,
1842,0.40458333333333485,0.40458333333333485,
1845,0.4070833333333326,0.3654166666666659,
1848,0.29333333333333655,0.29333333333333655,
1851,0.2708333333333286,0.22916666666666194,
1854,0.4691666666666805,0.4691666666666805,
1857,0.363749999999996,0.30833333333332935,
1860,0.3708333333333229,0.3708333333333229,
1863,0.394999999999996,0.35291666666666266,
1866,0.2950000000000017,0.2950000000000017,
1869,0.3795833333333434,0.31000000000001005,
1872,0.3516666666666737,0.3516666666666737,
1875,0.40749999999998465,0.36583333333331797,
1878,0.32458333333333655,0.32458333333333655,
1881,0.3812499999999801,0.32583333333331344,
1884,0.3583333333333343,0.3583333333333343,
1887,0.3779166666666782,0.32250000000001156,
1890,0.3408333333333502,0.3408333333333502,
1893,0.39000000000000057,0.3483333333333339,
1896,0.2958333333333343,0.2958333333333343,
1899,0.44583333333332575,0.3904166666666591,
1902,0.33791666666665776,0.33791666666665776,
1905,0.3604166666666515,0.31833333333331815,
1908,0.36958333333332405,0.36958333333332405,
1911,0.3370833333333394,0.2816666666666727,
1914,0.4033333333333218,0.4033333333333218,
1917,0.36624999999999375,0.3241666666666604,
1920,0.32458333333333655,0.32458333333333655,
1923,0.363749999999996,0.32208333333332934,
1926,0.32541666666666913,0.32541666666666913,
1929,0.42124999999998636,0.33791666666665304,
1932,0.2958333333333343,0.2958333333333343,
1935,0.3958333333333286,0.3541666666666619,
1938,0.4133333333333411,0.4133333333333411,
1941,0.4587500000000091,0.4170833333333424,
1944,0.2429166666666589,0.2429166666666589,
1947,0.3783333333333303,0.32249999999999696,
1950,0.2804166666666674,0.2804166666666674,
1953,0.37958333333331495,0.3241666666666483,
1956,0.3100000000000023,0.3100000000000023,
1959,0.3783333333333303,0.33624999999999694,
1962,0.639166666666668,0.322916666666668,
1965,0.3916666666666657,0.33624999999999905,
1968,0.40416666666665435,0.40416666666665435,
1971,0.38083333333332803,0.3112499999999947,
1974,0.39333333333333087,0.39333333333333087,
1977,0.4612499999999926,0.3916666666666593,
1980,0.363749999999996,0.363749999999996,
1983,0.40833333333334565,0.3662500000000123,
1986,0.39458333333334394,0.39458333333334394,
1989,0.4100000000000108,0.3683333333333441,
1992,0.3291666666666657,0.3291666666666657,
1995,0.3787500000000108,0.3370833333333441,
1998,0.3924999999999983,0.3924999999999983,
2001,0.39124999999999943,0.34916666666666607,
2004,0.29666666666666686,0.29666666666666686,
2007,0.36333333333334394,0.3079166666666773,
2010,0.28375000000001194,0.28375000000001194,
2013,0.3916666666666657,0.34999999999999903,
2016,0.3374999999999915,0.3374999999999915,
2019,0.3825000000000074,0.35458333333334074,
2022,0.3774999999999977,0.3774999999999977,
2025,0.39416666666666345,0.35249999999999676,
2028,0.36208333333333087,0.36208333333333087,
2031,0.4662500000000023,0.4245833333333356,
2034,0.3466666666666498,0.3466666666666498,
2037,0.37750000000001194,0.3495833333333453,
2040,0.3499999999999801,0.3499999999999801,
2043,0.38041666666667595,0.33875000000000927,
2046,0.3229166666666714,0.3229166666666714,
2049,0.4445833333333411,0.37500000000000777,
2052,0.28249999999998465,0.28249999999998465,
2055,0.3816666666666606,0.3399999999999939,
2058,0.31374999999998465,0.31374999999998465,
2061,0.28041666666668164,0.23875000000001498,
2064,0.3991666666666589,0.3991666666666589,
2067,0.39000000000000057,0.3620833333333339,
2070,0.32166666666667254,0.32166666666667254,
2073,0.42541666666666345,0.3974999999999968,
2076,0.4095833333333303,0.4095833333333303,
2079,0.4341666666666697,0.37875000000000303,
2082,0.323750000000004,0.323750000000004,
2085,0.37999999999999545,0.3241666666666621,
2088,0.40833333333334565,0.40833333333334565,
2091,0.2987499999999983,0.2570833333333316,
2094,0.3725000000000023,0.3725000000000023,
2097,0.3929166666666788,0.36541666666667877,
2100,0.36291666666666345,0.36291666666666345,
2103,0.37000000000000455,0.3420833333333379,
2106,0.4049999999999869,0.4049999999999869,
2109,0.44708333333333883,0.4191666666666722,
2112,0.3504166666666606,0.3504166666666606,
2115,0.36541666666666117,0.3095833333333278,
2118,0.3787500000000108,0.3787500000000108,
2121,0.40833333333334565,0.3387500000000123,
2124,0.37708333333334565,0.37708333333334565,
2127,0.2950000000000017,0.26708333333333506,
2130,0.2783333333333502,0.2783333333333502,
2133,1.1545833333333348,0.8187500000000016,
2136,4.814166666666665,3.5579166666666655,
2139,4.968749999999986,1.8508333333333193,
2142,2.102499999999978,1.0779166666666447,
2145,2.4699999999999847,1.0962499999999846,
2148,11.512916666666683,9.684166666666684,
2151,17.19041666666668,15.420833333333345,
2154,19.842499999999987,18.196666666666655,
2157,10.337916666666686,8.802083333333353,
2160,4.400416666666672,3.717083333333339,
2163,1.769999999999996,1.769999999999996,
2166,0.9245833333333309,0.8966666666666642,
2169,1.1995833333333366,0.9504166666666699,
2172,0.8325000000000244,0.8325000000000244,
2175,0.8004166666666634,0.7870833333333301,
2178,3.529583333333335,1.5291666666666681,
2181,1.7558333333333422,0.9387500000000087,
2184,1.0300000000000153,1.0300000000000153,
2187,0.9525000000000006,0.9100000000000006,
2190,1.3270833333333485,1.2854166666666818,
2193,1.2662500000000136,1.2662500000000136,
2196,3.762500000000003,1.3641666666666699,
2199,2.250416666666652,0.9470833333333186,
2202,1.0108333333333235,0.8687499999999901,
2205,0.7991666666666788,0.7991666666666788,
2208,1.0716666666666583,1.0004166666666583,
2211,0.817083333333315,0.817083333333315,
2214,3.5570833333333525,1.5395833333333524,
2217,0.9370833333333479,0.9370833333333479,
2220,0.8399999999999892,0.8116666666666559,
2223,0.7104166666666742,0.7104166666666742,
2226,0.6666666666666714,0.6383333333333381,
2229,0.5504166666666634,0.5224999999999967,
2232,4.210000000000022,1.6720833333333558,
2235,3.2820833333333184,1.7074999999999847,
2238,1.2945833333333212,1.2945833333333212,
2241,0.806666666666672,0.7508333333333387,
2244,0.8008333333333439,0.673333333333344,
2247,0.6287500000000108,0.5729166666666775,
2250,4.331249999999997,1.4537499999999972,
2253,2.8958333333333286,1.6637499999999952,
2256,0.9462500000000063,0.9462500000000063,
2259,0.9099999999999824,0.8820833333333157,
2262,0.7562500000000085,0.7562500000000085,
2265,1.944583333333341,0.8566666666666745,
2268,4.710833333333326,1.7141666666666597,
2271,1.6645833333333258,1.3833333333333258,
2274,1.069999999999979,1.069999999999979,
2277,0.8545833333333377,0.8412500000000044,
2280,1.1437499999999972,1.0320833333333306,
2283,2.362499999999997,0.7508333333333301,
2286,4.343749999999986,1.607083333333319,
2289,3.1625000000000085,1.334583333333342,
2292,0.8012499999999818,0.7749999999999818,
2295,0.7012500000000159,0.7012500000000159,
2298,0.9099999999999824,0.8816666666666491,
2301,2.5458333333333485,1.2800000000000153,
2304,4.362083333333317,1.846249999999983,
2307,1.2704166666666623,1.1299999999999957,
2310,0.7549999999999955,0.7270833333333288,
2313,1.0545833333333263,1.0545833333333263,
2316,1.0837499999999949,1.0558333333333283,
2319,2.7549999999999955,1.5595833333333287,
2322,4.694583333333341,1.9550000000000076,
2325,1.2820833333333468,1.1708333333333467,
2328,1.2408333333333417,1.2408333333333417,
2331,0.9262499999999818,0.8845833333333152,
2334,0.8624999999999972,0.8624999999999972,
2337,2.5775000000000006,1.0100000000000005,
2340,4.605416666666656,1.8737499999999891,
2343,2.6495833333333394,1.2233333333333392,
2346,0.7774999999999892,0.7774999999999892,
2349,0.9245833333333309,0.8266666666666642,
2352,0.8087499999999892,0.8087499999999892,
2355,2.6504166666666578,0.8524999999999912,
2358,4.694583333333341,1.2512500000000077,
2361,3.322083333333339,1.8904166666666722,
2364,0.9145833333333258,0.9145833333333258,
2367,0.8299999999999983,0.7883333333333317,
2370,1.0712499999999778,0.9466666666666445,
2373,3.2049999999999983,1.4933333333333316,
2376,3.6241666666666674,1.7470833333333342,
2379,0.8954166666666623,0.8262499999999956,
2382,0.8899999999999864,0.8899999999999864,
2385,1.2008333333333212,0.8349999999999878,
2388,0.7854166666666629,0.7854166666666629,
2391,4.875,1.3787500000000001,
2394,3.967083333333335,1.474166666666668,
2397,0.8537500000000335,0.8537500000000335,
2400,0.9729166666666629,0.9449999999999962,
2403,0.9195833333333212,0.9195833333333212,
2406,3.952083333333306,1.767499999999972,
2409,3.239999999999995,1.4337499999999945,
2412,1.5233333333333263,1.481249999999993,
2415,1.1333333333333258,1.1333333333333258,
2418,0.8366666666666589,0.7799999999999923,
2421,1.0445833333333212,1.0445833333333212,
2424,4.896666666666661,1.5454166666666609,
2427,3.4200000000000017,1.9591666666666683,
2430,1.2279166666666583,1.0429166666666583,
2433,0.7637500000000017,0.7637500000000017,
2436,0.6870833333333195,0.6454166666666529,
2439,0.8779166666666498,0.7662499999999831,
2442,4.698333333333338,1.9620833333333376,
2445,2.22499999999998,1.0404166666666466,
2448,0.8545833333333377,0.8545833333333377,
2451,0.9308333333333252,0.8891666666666586,
2454,0.8858333333333377,0.8858333333333377,
2457,2.0933333333333195,1.012916666666653,
2460,4.6754166666666634,1.7470833333333302,
2463,1.7229166666666629,1.4683333333333295,
2466,0.6891666666666652,0.6891666666666652,
2469,0.863749999999996,0.8358333333333293,
2472,0.8995833333333394,0.8995833333333394,
2475,2.2220833333333303,0.976249999999997,
2478,4.534166666666678,1.951250000000012,
2481,1.2204166666666794,1.0354166666666793,
2484,1.0600000000000023,1.0600000000000023,
2487,1.2604166666666714,1.2179166666666714,
2490,1.5966666666666782,1.5966666666666782,
2493,3.377500000000012,1.6654166666666785,
2496,4.719999999999985,2.463333333333318,
2499,0.9645833333333371,0.9087500000000038,
2502,0.8449999999999847,0.8449999999999847,
2505,1.1441666666666634,1.1162499999999969,
2508,1.6008333333333553,0.9945833333333554,
2511,4.883333333333326,2.094999999999992,
2514,2.521666666666661,1.217083333333328,
2517,0.8449999999999847,0.817083333333318,
2520,0.9012500000000045,0.8729166666666712,
2523,0.8924999999999983,0.8924999999999983,
2526,1.5666666666666629,0.9195833333333295,
2529,4.845000000000013,1.7279166666666796,
2532,3.478749999999991,1.6479166666666576,
2535,0.9749999999999801,0.9749999999999801,
2538,0.829583333333332,0.8016666666666653,
2541,1.0600000000000023,1.0600000000000023,
2544,4.204999999999984,1.6149999999999842,
2547,4.62166666666667,1.4870833333333362,
2550,2.355416666666656,1.1833333333333227,
2553,1.1325000000000074,1.1325000000000074,
2556,1.515833333333319,1.4879166666666523,
2559,1.4004166666666578,1.3724999999999912,
2562,4.047083333333333,1.483333333333333,
2565,4.099583333333328,2.0287499999999947,
2568,1.2154166666666555,1.2154166666666555,
2571,1.1112499999999983,1.0970833333333316,
2574,1.011666666666656,1.011666666666656,
2577,0.605000000000004,0.562500000000004,
2580,4.0049999999999955,1.0787499999999959,
2583,4.3316666666666634,1.5216666666666634,
2586,2.100833333333341,0.9983333333333411,
2589,0.7179166666666532,0.7179166666666532,
2592,0.7149999999999892,0.6870833333333225,
2595,1.598333333333315,0.6549999999999816,
2598,4.632916666666674,1.125000000000007,
2601,2.71875,1.5966666666666667,
2604,1.0637499999999847,1.0224999999999846,
2607,0.8883333333333212,0.8883333333333212,
2610,0.9341666666666697,0.865000000000003,
2613,3.2325000000000017,1.0520833333333353,
2616,3.5649999999999977,1.7424999999999977,
2619,0.761250000000004,0.6916666666666706,
2622,0.8025000000000091,0.8025000000000091,
2625,0.9262499999999818,0.8566666666666485,
2628,1.037083333333328,0.9520833333333281,
2631,4.874166666666653,1.8916666666666533,
2634,2.6112499999999983,1.541666666666665,
2637,1.0891666666666566,1.0620833333333233,
2640,0.8508333333333411,0.8508333333333411,
2643,1.0583333333333371,1.0166666666666704,
2646,1.4037500000000023,1.2125000000000024,
2649,4.7666666666666515,1.6499999999999844,
2652,2.6587499999999977,1.9487499999999978,
2655,0.6049999999999756,0.6049999999999756,
2658,0.8075000000000045,0.7379166666666712,
2661,0.5787499999999994,0.5787499999999994,
2664,1.1904166666666498,0.8954166666666499,
2667,4.589583333333337,1.150000000000004,
2670,3.78416666666665,1.6054166666666498,
2673,1.0595833333333502,1.0595833333333502,
2676,1.121666666666684,1.0937500000000173,
2679,1.6233333333333348,1.5954166666666683,
2682,0.962916666666672,0.6987500000000053,
2685,4.86333333333333,1.4104166666666629,
2688,2.3541666666666714,1.8154166666666716,
2691,0.8712499999999892,0.8437499999999892,
2694,0.9829166666666538,0.9829166666666538,
2697,0.9020833333333229,0.8737499999999896,
2700,2.9720833333333303,0.8554166666666636,
2703,4.458333333333329,2.3108333333333286,
2706,1.009999999999991,0.9824999999999909,
2709,0.5508333333333439,0.5508333333333439,
2712,0.6304166666666902,0.5883333333333568,
2715,0.6779166666666612,0.6779166666666612,
2718,2.7808333333333195,1.0287499999999863,
2721,4.651666666666685,1.9375000000000182,
2724,1.2929166666666703,0.6816666666666703,
2727,0.6650000000000063,0.6650000000000063,
2730,0.7720833333333275,0.7024999999999941,
2733,0.9195833333333354,0.9195833333333354,
2736,3.998749999999987,1.3133333333333201,
2739,3.2366666666666646,1.526249999999998,
2742,0.6424999999999983,0.6424999999999983,
2745,0.7287500000000051,0.6862500000000051,
2748,0.7883333333333411,0.7883333333333411,
2751,0.8762499999999847,0.848333333333318,
2754,3.7254166666666606,0.8833333333333275,
2757,4.62208333333335,1.9783333333333504,
2760,1.3154166666666498,0.9137499999999832,
2763,0.8616666666666788,0.7787500000000122,
2766,0.7687499999999972,0.7687499999999972,
2769,0.8895833333333343,0.8483333333333343,
2772,4.642083333333332,1.7945833333333319,
2775,3.6850000000000165,2.0545833333333494,
2778,0.9649999999999892,0.9649999999999892,
2781,0.6908333333333303,0.6770833333333303,
2784,0.630416666666676,0.630416666666676,
2787,0.9237499999999983,0.8820833333333317,
2790,3.990416666666647,0.9329166666666473,
2793,3.662083333333328,1.9345833333333278,
2796,0.7145833333333371,0.7145833333333371,
2799,1.050833333333344,0.9816666666666772,
2802,0.8708333333333229,0.8708333333333229,
2805,1.0991666666666475,1.0708333333333142,
2808,4.144999999999982,1.2779166666666484,
2811,3.103749999999991,1.7304166666666576,
2814,0.775833333333324,0.775833333333324,
2817,0.7237499999999955,0.6954166666666621,
2820,0.9933333333333394,0.9933333333333394,
2823,1.2529166666666782,1.2250000000000116,
2826,4.804583333333326,1.688749999999993,
2829,3.4991666666666674,2.153333333333334,
2832,1.017499999999984,0.8054166666666508,
2835,1.0616666666666532,1.0054166666666533,
2838,1.2787500000000023,1.2787500000000023,
2841,0.9041666666666544,0.8766666666666544,
2844,5.061666666666653,1.728749999999986,
2847,4.857916666666654,2.1537499999999867,
2850,0.5412499999999909,0.5412499999999909,
2853,0.8770833333333456,0.8487500000000123,
2856,1.1174999999999926,1.1174999999999926,
2859,0.7054166666666646,0.6774999999999979,
2862,4.752500000000012,2.0254166666666786,
2865,2.8266666666666396,1.3354166666666394,
2868,1.2475000000000023,1.2475000000000023,
2871,1.3391666666666566,1.26874999999999,
2874,0.8741666666666816,0.8741666666666816,
2877,0.8004166666666634,0.7866666666666634,
2880,4.844999999999985,1.4295833333333179,
2883,2.952916666666667,1.9437500000000003,
2886,1.3475000000000108,1.3054166666666775,
2889,1.5208333333333286,1.5208333333333286,
2892,1.1458333333333144,1.0604166666666477,
2895,1.4341666666666697,1.350000000000003,
2898,5.350416666666661,1.7716666666666607,
2901,2.834166666666647,1.8587499999999801,
2904,0.8174999999999955,0.7620833333333288,
2907,0.8520833333333258,0.8520833333333258,
2910,0.6429166666666646,0.5874999999999979,
2913,1.6737499999999983,0.6604166666666649,
2916,4.7279166666666725,1.4062500000000058,
2919,1.5499999999999972,1.2041666666666637,
2922,0.7454166666666566,0.7454166666666566,
2925,0.7420833333333121,0.7004166666666455,
2928,0.6979166666666714,0.6979166666666714,
2931,1.6087499999999864,0.6154166666666528,
2934,4.5262500000000045,1.4612500000000046,
2937,1.7291666666666714,1.3250000000000048,
2940,0.48791666666666345,0.48791666666666345,
2943,0.6054166666666561,0.5637499999999894,
2946,0.7074999999999818,0.7074999999999818,
2949,2.2391666666666623,0.939583333333329,
2952,4.518749999999997,1.6791666666666636,
2955,1.2412499999999937,1.1016666666666604,
2958,0.8370833333333394,0.8370833333333394,
2961,0.7804166666666532,0.7524999999999865,
2964,0.6970833333333388,0.6970833333333388,
2967,2.291250000000005,1.0341666666666718,
2970,4.453750000000014,1.8508333333333469,
2973,1.2733333333333263,1.2033333333333263,
2976,1.462916666666672,1.462916666666672,
2979,0.9087499999999835,0.8670833333333169,
2982,0.620416666666685,0.620416666666685,
2985,2.4208333333333343,1.0654166666666676,
2988,3.373333333333335,1.7291666666666685,
2991,0.7633333333333212,0.7354166666666545,
2994,0.6079166666666538,0.6079166666666538,
2997,0.4962499999999892,0.4545833333333225,
3000,0.5429166666666561,0.5429166666666561,
3003,2.420833333333306,1.061666666666639,
3006,2.6008333333332985,1.5508333333332984,
3009,0.6045833333333235,0.5345833333333235,
3012,0.8766666666666652,0.7920833333333318,
3015,0.7987499999999841,0.7708333333333174,
3018,1.0595833333333218,1.0595833333333218,
3021,3.000416666666652,1.0758333333333188,
3024,4.696249999999978,2.1445833333333115,
3027,1.5758333333333354,0.7979166666666687,
3030,0.6241666666666674,0.6241666666666674,
3033,1.0825000000000244,1.0545833333333579,
3036,1.1841666666666697,1.1841666666666697,
3039,3.140833333333333,1.675833333333333,
3042,4.6766666666666765,2.1554166666666768,
3045,1.03749999999998,0.9954166666666467,
3048,0.869583333333324,0.869583333333324,
3051,0.795416666666668,0.7670833333333347,
3054,0.8370833333333252,0.8370833333333252,
3057,2.9637499999999903,1.1516666666666568,
3060,3.9549999999999983,2.284166666666665,
3063,0.8924999999999841,0.8341666666666507,
3066,0.8875000000000028,0.8875000000000028,
3069,1.3124999999999858,1.2841666666666525,
3072,0.880416666666676,0.880416666666676,
3075,2.8133333333333184,1.177499999999985,
3078,4.634583333333339,2.2012500000000057,
3081,0.9491666666666561,0.9212499999999894,
3084,1.067916666666676,1.067916666666676,
3087,1.0770833333333343,1.035000000000001,
3090,0.8058333333333394,0.7916666666666727,
3093,3.16249999999998,1.459166666666647,
3096,4.248750000000015,1.6608333333333487,
3099,0.6279166666666782,0.5275000000000115,
3102,0.5975000000000108,0.5975000000000108,
3105,0.8887500000000017,0.860833333333335,
3108,0.947916666666643,0.947916666666643,
3111,3.388333333333307,1.5841666666666405,
3114,2.796666666666667,2.1325000000000003,
3117,0.8987499999999926,0.8566666666666592,
3120,0.9245833333333593,0.9245833333333593,
3123,1.1008333333333127,1.0724999999999794,
3126,1.7966666666666384,1.7966666666666384,
3129,4.254166666666663,1.13208333333333,
3132,3.629583333333315,2.0004166666666485,
3135,0.7095833333333275,0.6399999999999941,
3138,0.7991666666666788,0.7991666666666788,
3141,0.6924999999999955,0.6645833333333288,
3144,0.5770833333333485,0.5770833333333485,
3147,4.236249999999998,1.2570833333333318,
3150,2.9920833333333263,1.609999999999993,
3153,0.8225000000000051,0.7950000000000051,
3156,0.7733333333333547,0.7733333333333547,
3159,0.9220833333333189,0.8941666666666522,
3162,0.978333333333353,0.978333333333353,
3165,4.600833333333341,1.5441666666666745,
3168,3.2112499999999926,1.8791666666666593,
3171,1.411250000000038,1.3829166666667048,
3174,1.1458333333333286,1.1458333333333286,
3177,0.619583333333324,0.5774999999999907,
3180,1.5354166666666487,0.8670833333333153,
3183,4.375416666666652,1.5312499999999853,
3186,1.7666666666666657,1.0445833333333323,
3189,0.8475000000000108,0.8058333333333442,
3192,0.6125000000000114,0.5845833333333447,
3195,0.5562500000000199,0.5562500000000199,
3198,1.4891666666666623,0.657083333333329,
3201,4.475833333333341,1.2687500000000078,
3204,1.8220833333333388,1.3595833333333387,
3207,0.7379166666666634,0.7379166666666634,
3210,0.9454166666666879,0.9175000000000212,
3213,0.6837499999999892,0.6837499999999892,
3216,1.9516666666666538,1.2474999999999872,
3219,4.77791666666667,1.8945833333333364,
3222,2.014166666666668,1.4758333333333347,
3225,0.6866666666666674,0.6866666666666674,
3228,0.7112499999999926,0.6829166666666593,
3231,0.8408333333333076,0.8408333333333076,
3234,2.6329166666666453,1.337916666666645,
3237,4.525416666666658,1.7691666666666577,
3240,1.6474999999999937,1.4237499999999939,
3243,1.2845833333333303,1.2420833333333303,
3246,1.0087500000000063,1.0087500000000063,
3249,0.5633333333333326,0.5212499999999992,
3252,2.9954166666666566,0.5729166666666567,
3255,3.6924999999999955,2.280416666666662,
3258,1.285833333333315,1.285833333333315,
3261,0.7812499999999858,0.7533333333333191,
3264,0.6275000000000119,0.6275000000000119,
3267,1.2441666666666578,1.202499999999991,
3270,3.888333333333364,1.5279166666666968,
3273,3.6504166666666578,1.8733333333333244,
3276,0.7833333333333172,0.7833333333333172,
3279,1.3533333333333388,1.2695833333333388,
3282,1.1758333333333582,1.1758333333333582,
3285,0.8983333333333547,0.870416666666688,
3288,3.837083333333325,1.0454166666666587,
3291,4.445416666666674,1.7912500000000073,
3294,1.7604166666666714,1.2450000000000048,
3297,1.0079166666666453,0.9799999999999786,
3300,1.1758333333333297,1.1758333333333297,
3303,0.6770833333333286,0.6349999999999952,
3306,4.399583333333339,1.3870833333333397,
3309,2.686666666666653,1.6562499999999865,
3312,0.6120833333333309,0.5841666666666642,
3315,0.6075000000000017,0.5379166666666684,
3318,0.6049999999999756,0.6049999999999756,
3321,0.6541666666666544,0.6116666666666544,
3324,4.735833333333332,1.3858333333333324,
3327,2.712083333333325,1.8162499999999917,
3330,0.8912499999999994,0.8912499999999994,
3333,0.5016666666666652,0.45999999999999847,
3336,0.6729166666666515,0.6729166666666515,
3339,0.5949999999999847,0.5524999999999847,
3342,4.498750000000015,1.8537500000000153,
3345,1.879583333333315,1.2787499999999816,
3348,1.329583333333332,1.329583333333332,
3351,0.954583333333332,0.9404166666666653,
3354,0.7662500000000136,0.7662500000000136,
3357,0.9058333333333195,0.8358333333333196,
3360,4.6245833333333195,1.9741666666666529,
3363,2.576250000000016,1.4195833333333492,
3366,1.2508333333333468,1.2508333333333468,
3369,1.4020833333333371,1.3604166666666704,
3372,1.004166666666677,0.9762500000000104,
3375,1.0254166666666578,0.6516666666666577,
3378,4.701250000000002,1.8608333333333351,
3381,2.0404166666666583,1.0212499999999916,
3384,0.9100000000000108,0.8670833333333441,
3387,0.5779166666666669,0.5779166666666669,
3390,0.8274999999999864,0.7574999999999863,
3393,1.1883333333333326,0.714166666666666,
3396,4.490416666666661,1.4662499999999947,
3399,2.0408333333333104,1.3258333333333105,
3402,0.5849999999999937,0.5849999999999937,
3405,0.5654166666666782,0.5237500000000116,
3408,0.8924999999999983,0.8924999999999983,
3411,1.1795833333333263,0.604999999999993,
3414,4.640000000000001,1.0662500000000001,
3417,3.497499999999988,1.5174999999999879,
3420,0.6737499999999983,0.6737499999999983,
3423,0.867500000000021,0.8391666666666877,
3426,0.5329166666666652,0.5329166666666652,
3429,1.5224999999999937,0.843333333333327,
3432,4.848749999999981,1.5245833333333145,
3435,1.8158333333333303,1.3179166666666635,
3438,0.5279166666666697,0.5004166666666697,
3441,0.6179166666666589,0.6179166666666589,
3444,0.5849999999999937,0.5433333333333271,
3447,1.2633333333333212,0.5595833333333212,
3450,4.757083333333341,1.4825000000000075,
3453,4.03125,1.7425000000000002,
3456,0.8299999999999841,0.7599999999999841,
3459,1.207499999999996,1.207499999999996,
3462,1.0674999999999955,1.0391666666666621,
3465,1.84999999999998,1.1262499999999802,
3468,5.088333333333324,2.1041666666666576,
3471,2.8441666666666805,1.5187500000000138,
3474,0.5120833333333366,0.4841666666666699,
3477,0.6008333333333411,0.6008333333333411,
3480,0.8754166666666805,0.8337500000000139,
3483,2.5516666666666765,1.3204166666666766,
3486,4.627083333333346,1.9229166666666795,
3489,1.7899999999999778,1.5358333333333112,
3492,0.9399999999999977,0.8562499999999977,
3495,1.0704166666666879,1.0704166666666879,
3498,1.0333333333333172,1.0054166666666506,
3501,2.228749999999991,0.9266666666666576,
3504,3.246249999999989,1.8783333333333223,
3507,0.46333333333332405,0.4354166666666574,
3510,0.5154166666666669,0.5154166666666669,
3513,0.6025000000000063,0.5745833333333396,
3516,0.548333333333332,0.548333333333332,
3519,2.1629166666666606,0.6545833333333275,
3522,4.560833333333321,1.7058333333333207,
3525,2.779583333333335,1.3475000000000017,
3528,0.9025000000000176,0.9025000000000176,
3531,1.2470833333333218,1.2191666666666552,
3534,0.8795833333333576,0.8795833333333576,
3537,2.6149999999999665,1.1845833333332996,
3540,4.893749999999997,1.9445833333333304,
3543,1.6370833333333366,1.0220833333333366,
3546,0.5345833333333303,0.5345833333333303,
3549,0.5933333333333195,0.5237499999999862,
3552,0.6737499999999983,0.6737499999999983,
3555,2.3416666666666544,1.0304166666666543,
3558,4.452083333333334,1.6458333333333344,
3561,1.1975000000000051,1.1012500000000052,
3564,0.754583333333315,0.754583333333315,
3567,0.6745833333333593,0.6745833333333593,
3570,0.8741666666666674,0.8466666666666675,
3573,2.6454166666666623,1.143333333333329,
3576,4.837083333333339,1.9433333333333391,
3579,1.2308333333333366,0.6025000000000031,
3582,0.6066666666666691,0.6066666666666691,
3585,0.7224999999999824,0.6808333333333157,
3588,0.7304166666666561,0.7304166666666561,
3591,3.277083333333323,1.730416666666656,
3594,2.6470833333333275,1.5933333333333273,
3597,0.7033333333333189,0.629583333333319,
3600,0.5970833333333303,0.5970833333333303,
3603,0.6512500000000045,0.6233333333333378,
3606,0.6895833333333456,0.6895833333333456,
3609,2.509999999999991,0.7062499999999909,
3612,4.698333333333338,2.2762500000000045,
3615,1.5887500000000045,1.1300000000000046,
3618,1.1008333333332985,1.1008333333332985,
3621,0.9049999999999869,0.8770833333333202,
3624,1.2254166666666606,1.2254166666666606,
3627,3.5104166666666714,1.5925000000000047,
3630,4.183333333333337,2.077083333333337,
3633,0.9337499999999892,0.9058333333333225,
3636,1.1591666666666498,1.1591666666666498,
3639,1.0420833333333377,1.0137500000000044,
3642,0.8879166666666407,0.8879166666666407,
3645,3.565000000000012,0.9783333333333455,
3648,4.837916666666658,2.9816666666666576,
3651,1.0416666666666714,1.0137500000000048,
3654,1.1395833333333485,1.1395833333333485,
3657,0.8774999999999977,0.8629166666666644,
3660,1.1554166666666674,1.1554166666666674,
3663,4.28416666666665,1.9699999999999833,
3666,1.9254166666666634,1.49208333333333,
3669,1.1058333333333366,1.09166666666667,
3672,1.3141666666666652,1.3141666666666652,
3675,1.1266666666666794,1.0845833333333461,
3678,0.8958333333333144,0.8679166666666477,
3681,4.597916666666663,1.6966666666666632,
3684,3.792916666666656,2.3783333333333223,
3687,1.0891666666666424,1.0891666666666424,
3690,0.6387500000000017,0.610833333333335,
3693,0.7320833333333212,0.7320833333333212,
3696,0.7254166666666606,0.683749999999994,
3699,4.1158333333333275,1.6420833333333271,
3702,3.017916666666679,1.3229166666666787,
3705,0.7420833333333121,0.6587499999999787,
3708,0.7058333333333167,0.7058333333333167,
3711,0.8641666666666765,0.8362500000000098,
3714,0.769999999999996,0.769999999999996,
3717,4.595416666666665,1.3291666666666653,
3720,3.1112499999999983,1.881666666666665,
3723,0.8879166666666407,0.859999999999974,
3726,0.9562499999999972,0.9562499999999972,
3729,0.8250000000000028,0.7970833333333361,
3732,1.0816666666666492,1.0816666666666492,
3735,4.494583333333324,1.7812499999999907,
3738,3.292916666666656,1.784166666666656,
3741,0.9979166666666544,0.969583333333321,
3744,1.173333333333332,1.173333333333332,
3747,1.181666666666672,1.1400000000000052,
3750,1.0008333333333184,1.0008333333333184,
3753,4.550833333333344,1.6262500000000109,
3756,3.518333333333331,2.5416666666666643,
3759,1.8787500000000108,1.837083333333344,
3762,1.2591666666666583,1.1329166666666584,
3765,1.449166666666656,1.409166666666656,
3768,0.9254166666666634,0.9254166666666634,
3771,4.796666666666667,1.5533333333333332,
3774,3.3620833333333167,1.9058333333333166,
3777,1.1162499999999937,1.033333333333327,
3780,0.8250000000000028,0.8250000000000028,
3783,0.9433333333333138,0.9149999999999805,
3786,0.8545833333333377,0.8545833333333377,
3789,4.969999999999985,1.6316666666666517,
3792,3.5262500000000045,2.424583333333338,
3795,1.204999999999984,1.1766666666666508,
3798,1.4216666666666669,1.4216666666666669,
3801,1.8216666666666725,1.7804166666666725,
3804,0.9816666666666691,0.9816666666666691,
3807,5.149166666666659,1.4729166666666593,
3810,4.560416666666654,1.8641666666666539,
3813,1.319583333333341,1.1237500000000078,
3816,1.0804166666666646,1.0804166666666646,
3819,0.9762499999999932,0.9483333333333265,
3822,1.0424999999999756,0.9862499999999755,
3825,4.951666666666654,2.2383333333333204,
3828,2.40916666666665,1.46166666666665,
3831,0.865416666666647,0.865416666666647,
3834,0.9770833333333258,0.9637499999999924,
3837,0.9666666666666544,0.9666666666666544,
3840,1.3291666666666515,1.1395833333333183,
3843,4.993333333333339,1.9516666666666729,
3846,2.677499999999995,1.4070833333333281,
3849,1.021666666666647,0.9937499999999803,
3852,1.048333333333332,1.048333333333332,
3855,1.119583333333324,1.0779166666666573,
3858,1.105416666666656,0.8795833333333227,
3861,5.026666666666685,1.5583333333333513,
3864,4.00624999999998,2.1245833333333133,
3867,1.2083333333333286,1.137916666666662,
3870,1.0699999999999932,1.0699999999999932,
3873,0.9083333333333456,0.880416666666679,
3876,1.6516666666666566,1.0204166666666565,
3879,5.332916666666662,2.5349999999999953,
3882,2.1337500000000063,1.1691666666666727,
3885,1.509999999999991,1.509999999999991,
3888,1.2033333333333331,1.1754166666666666,
3891,1.1287499999999824,1.1287499999999824,
3894,2.4495833333333508,1.727916666666684,
3897,5.682916666666685,2.918333333333352,
3900,2.4424999999999955,1.6120833333333286,
3903,1.0491666666666788,1.0491666666666788,
3906,1.0799999999999983,1.0658333333333316,
3909,1.1324999999999932,1.1045833333333266,
3912,1.8399999999999892,0.9983333333333225,
3915,4.895833333333329,1.6399999999999957,
3918,2.017499999999984,1.6970833333333175,
3921,1.005833333333328,0.9774999999999947,
3924,1.2225000000000108,1.2225000000000108,
3927,1.2879166666666606,1.2462499999999939,
3930,3.316250000000011,1.5291666666666774,
3933,4.764166666666668,2.330833333333335,
3936,1.2708333333333286,1.2708333333333286,
3939,0.9141666666666453,0.8854166666666452,
3942,1.0716666666666725,1.0716666666666725,
3945,0.9833333333333343,0.9408333333333343,
3948,3.3941666666666634,1.541249999999997,
3951,4.544166666666669,2.171250000000003,
3954,1.201666666666668,1.201666666666668,
3957,1.0816666666666634,1.0537499999999969,
3960,1.1345833333333388,1.1345833333333388,
3963,1.1854166666666544,1.1437499999999876,
3966,3.6358333333333377,1.4041666666666708,
3969,4.380833333333342,2.063750000000009,
3972,1.0704166666666453,1.0704166666666453,
3975,1.2900000000000063,1.2620833333333397,
3978,1.0324999999999847,1.0324999999999847,
3981,0.9445833333333411,0.9029166666666745,
3984,3.390833333333333,1.3962499999999995,
3987,4.231666666666669,1.9429166666666693,
3990,1.1912500000000108,1.1912500000000108,
3993,1.2037499999999994,1.1620833333333327,
3996,1.0458333333333485,1.0458333333333485,
3999,1.5049999999999955,1.477916666666662,
4002,3.9299999999999926,1.2249999999999925,
4005,4.53416666666665,2.5233333333333166,
4008,1.1020833333333258,1.1020833333333258,
4011,1.182083333333324,1.1404166666666573,
4014,1.3475000000000108,1.3475000000000108,
4017,0.8774999999999977,0.8362499999999977,
4020,3.5904166666666697,1.8379166666666695,
4023,2.4825000000000017,1.9679166666666683,
4026,1.0441666666666691,1.0441666666666691,
4029,1.1445833333333297,1.1162499999999964,
4032,1.030833333333348,1.030833333333348,
4035,1.057083333333324,1.0287499999999907,
4038,3.850833333333341,1.1050000000000075,
4041,3.9741666666666475,2.594999999999981,
4044,1.5345833333333303,1.4929166666666636,
4047,1.0587499999999892,1.0587499999999892,
4050,1.2337499999999864,1.2062499999999863,
4053,1.1158333333333275,1.1158333333333275,
4056,3.9187499999999886,1.9770833333333222,
4059,2.921666666666667,1.6195833333333336,
4062,1.1904166666666498,1.107499999999983,
4065,0.910833333333315,0.910833333333315,
4068,1.1658333333333388,1.1383333333333387,
4071,0.9599999999999937,0.9599999999999937,
4074,4.183333333333323,1.5154166666666562,
4077,4.235833333333332,2.4604166666666654,
4080,1.1700000000000017,1.1700000000000017,
4083,1.4337499999999892,1.4337499999999892,
4086,1.2779166666666555,1.2495833333333222,
4089,1.3779166666666782,1.3779166666666782,
4092,4.893749999999997,2.2929166666666636,
4095,1.9166666666666714,1.220833333333338,
4098,1.0129166666666833,0.97083333333335,
4101,1.0316666666666805,1.0316666666666805,
4104,1.426249999999996,1.426249999999996,
4107,1.3416666666666828,1.3416666666666828,
4110,5.662083333333328,2.8199999999999945,
4113,2.96041666666666,1.7799999999999934,
4116,1.0600000000000023,1.0600000000000023,
4119,1.4866666666666646,1.4866666666666646,
4122,1.2333333333333485,1.2191666666666818,
4125,1.0229166666666742,1.0229166666666742,
4128,5.163750000000007,2.315833333333341,
4131,3.291249999999991,2.0616666666666577,
4134,1.4733333333333434,1.3758333333333435,
4137,1.1037500000000051,1.1037500000000051,
4140,1.0770833333333343,1.0491666666666677,
4143,0.9100000000000108,0.8533333333333442,
4146,4.8374999999999915,1.3954166666666583,
4149,2.7837499999999835,1.9549999999999836,
4152,0.8737499999999869,0.8737499999999869,
4155,0.9491666666666703,0.9212500000000036,
4158,0.9079166666666652,0.9079166666666652,
4161,1.2749999999999773,1.1083333333333105,
4164,4.883333333333326,1.4462499999999925,
4167,3.3320833333333297,1.960416666666663,
4170,1.0579166666666566,0.9441666666666566,
4173,0.8987500000000068,0.8570833333333402,
4176,0.9979166666666544,0.9979166666666544,
4179,1.2054166666666646,0.9774999999999979,
4182,5.0524999999999665,1.8483333333332994,
4185,2.6670833333333377,1.7225000000000046,
4188,1.1029166666666441,1.1029166666666441,
4191,0.9383333333333326,0.8958333333333326,
4194,1.0125000000000028,1.0125000000000028,
4197,1.151666666666685,0.9258333333333517,
4200,5.029583333333321,1.5245833333333212,
4203,3.0891666666666566,1.9649999999999899,
4206,0.9908333333333275,0.9908333333333275,
4209,0.9729166666666629,0.9729166666666629,
4212,0.8999999999999915,0.8999999999999915,
4215,1.4620833333333252,1.0866666666666585,
4218,5.032916666666665,2.2324999999999986,
4221,1.8050000000000068,1.20208333333334,
4224,1.214999999999975,1.1733333333333082,
4227,1.1600000000000108,1.1600000000000108,
4230,1.3516666666666737,1.3108333333333404,
4233,1.6241666666666674,1.1612500000000008,
4236,5.398750000000007,1.8350000000000062,
4239,2.7720833333333275,1.929999999999994,
4242,1.025833333333324,0.9979166666666573,
4245,1.09999999999998,1.09999999999998,
4248,1.0166666666666657,0.9883333333333324,
4251,2.9499999999999886,1.4999999999999887,
4254,5.007916666666674,2.3516666666666732,
4257,1.0779166666666669,1.0779166666666669,
4260,1.3712499999999892,1.3570833333333225,
4263,1.2775000000000318,1.2775000000000318,
4266,1.466249999999988,1.4245833333333213,
4269,3.1058333333333366,1.3237500000000033,
4272,5.320833333333326,2.4704166666666594,
4275,2.974166666666676,1.6191666666666757,
4278,1.0583333333333371,1.0304166666666705,
4281,1.1083333333333485,1.1083333333333485,
4284,1.2916666666666714,1.2916666666666714,
4287,2.8716666666666697,1.4404166666666696,
4290,4.7862499999999955,2.180416666666662,
4293,1.115416666666647,1.115416666666647,
4296,1.3316666666666492,1.3316666666666492,
4299,1.0699999999999932,1.0699999999999932,
4302,1.0333333333333456,1.0333333333333456,
4305,3.1791666666666742,1.1525000000000074,
4308,5.015416666666667,1.9083333333333332,
4311,2.661666666666676,1.7637500000000093,
4314,1.2245833333333422,1.1687500000000088,
4317,1.0041666666666629,1.0041666666666629,
4320,1.072499999999991,1.072499999999991,
4323,3.0845833333333275,1.4041666666666608,
4326,4.810000000000002,2.1025000000000014,
4329,1.342499999999987,1.342499999999987,
4332,1.1329166666666737,1.105000000000007,
4335,1.623749999999987,1.623749999999987,
4338,1.711666666666659,1.6837499999999923,
4341,3.169583333333321,1.4558333333333213,
4344,4.1983333333333235,1.7454166666666566,
4347,0.7950000000000159,0.7950000000000159,
4350,1.0766666666666538,0.9954166666666537,
4353,1.0049999999999955,1.0049999999999955,
4356,1.2374999999999972,1.2095833333333306,
4359,3.517916666666679,1.708750000000012,
4362,4.372083333333322,1.802083333333322,
4365,1.2254166666666606,1.0991666666666606,
4368,0.7312500000000028,0.7175000000000028,
4371,0.7366666666666788,0.7366666666666788,
4374,0.9295833333333121,0.9295833333333121,
4377,3.261250000000004,1.3433333333333373,
4380,4.467916666666667,1.943750000000001,
4383,0.7850000000000108,0.7850000000000108,
4386,1.3141666666666794,1.2862500000000128,
4389,1.2379166666666492,1.2379166666666492,
4392,1.0541666666666742,1.0541666666666742,
4395,3.4595833333333275,1.499999999999994,
4398,4.130416666666633,2.0679166666666333,
4401,1.5908333333333502,1.5908333333333502,
4404,1.5174999999999983,1.4487499999999982,
4407,1.300833333333344,1.300833333333344,
4410,1.1929166666666475,1.1929166666666475,
4413,3.6899999999999977,1.759583333333331,
4416,4.586249999999993,2.5574999999999926,
4419,1.041249999999991,1.041249999999991,
4422,1.4120833333333422,1.383750000000009,
4425,0.9937500000000199,0.9937500000000199,
4428,1.176249999999996,1.1479166666666627,
4431,4.334999999999994,1.3191666666666602,
4434,3.605416666666656,2.195833333333323,
4437,0.7245833333333422,0.7245833333333422,
4440,0.7920833333333377,0.721666666666671,
4443,0.7950000000000017,0.7950000000000017,
4446,1.0958333333333172,1.0533333333333172,
4449,4.286666666666676,2.2054166666666757,
4452,2.623333333333335,1.3300000000000016,
4455,1.0108333333333235,1.0108333333333235,
4458,1.1095833333333331,1.0675,
4461,1.2679166666666646,1.2679166666666646,
4464,1.1016666666666453,1.0874999999999786,
4467,4.572499999999991,1.9716666666666578,
4470,3.318333333333328,1.377083333333328,
4473,1.0208333333333286,1.0208333333333286,
4476,1.0433333333333366,1.0016666666666698,
4479,0.901666666666685,0.8600000000000184,
4482,0.9850000000000136,0.9850000000000136,
4485,4.9854166666666515,1.5570833333333183,
4488,3.8462499999999835,2.0316666666666503,
4491,0.9341666666666555,0.9062499999999888,
4494,1.0562499999999915,1.0562499999999915,
4497,0.9604166666666742,0.9187500000000076,
4500,2.396666666666647,1.2145833333333138,
4503,5.252083333333346,2.3770833333333456,
4506,1.2120833333333394,1.1145833333333395,
4509,1.1120833333333167,1.0283333333333167,
4512,0.8875000000000028,0.8875000000000028,
4515,0.9974999999999881,0.942499999999988,
4518,2.4429166666666475,1.1216666666666475,
4521,4.82208333333331,2.0133333333333105,
4524,1.9750000000000085,1.3625000000000085,
4527,1.0095833333333388,0.9816666666666721,
4530,1.0108333333333235,1.0108333333333235,
4533,0.9725000000000108,0.9445833333333441,
4536,2.4849999999999994,1.2995833333333326,
4539,4.2712499999999665,2.0533333333333,
4542,0.90625,0.90625,
4545,0.8774999999999977,0.8208333333333311,
4548,0.8137499999999847,0.8137499999999847,
4551,0.9304166666666589,0.9304166666666589,
4554,2.812083333333348,1.3579166666666813,
4557,4.844583333333318,2.0083333333333186,
4560,1.1583333333333456,1.0487500000000123,
4563,0.9404166666666498,0.9270833333333165,
4566,0.8279166666666669,0.8279166666666669,
4569,1.1399999999999864,1.1399999999999864,
4572,2.97166666666665,1.4708333333333163,
4575,4.811666666666653,2.1545833333333198,
4578,1.3883333333333212,1.3033333333333212,
4581,1.3445833333333468,1.2762500000000134,
4584,1.197499999999991,1.1704166666666576,
4587,1.08541666666666,1.08541666666666,
4590,2.8691666666666578,1.099999999999991,
4593,4.896666666666647,1.5583333333333136,
4596,3.1908333333333303,2.3487499999999972,
4599,1.167500000000004,1.167500000000004,
4602,1.299166666666693,1.2708333333333597,
4605,1.2875000000000085,1.2875000000000085,
4608,3.4483333333333377,1.6908333333333376,
4611,5.334999999999994,2.6079166666666604,
4614,2.0391666666666453,1.449583333333312,
4617,1.1987500000000182,1.1987500000000182,
4620,1.0770833333333485,1.049166666666682,
4623,0.9754166666666606,0.9754166666666606,
4626,3.1799999999999926,1.2016666666666591,
4629,5.540833333333339,2.7445833333333387,
4632,3.478750000000005,2.1737500000000054,
4635,1.5349999999999824,1.5349999999999824,
4638,1.0004166666666805,0.9725000000000138,
4641,0.6916666666666629,0.6495833333333295,
4644,2.8666666666666742,1.2862500000000077,
4647,4.416666666666671,1.9129166666666713,
4650,1.2208333333333456,1.2208333333333456,
4653,1.521666666666647,1.4941666666666469,
4656,1.1241666666666674,1.1241666666666674,
4659,1.2324999999999733,1.1908333333333065,
4662,3.290416666666644,1.0720833333333109,
4665,4.827499999999986,2.3549999999999867,
4668,2.0087500000000063,1.207916666666673,
4671,1.1708333333333343,1.1570833333333344,
4674,0.9941666666666578,0.9941666666666578,
4677,1.025833333333324,0.9837499999999907,
4680,3.5262500000000045,1.6070833333333379,
4683,4.810833333333335,1.9983333333333348,
4686,0.985833333333332,0.9437499999999986,
4689,0.9649999999999892,0.9370833333333225,
4692,1.0708333333333258,1.0708333333333258,
4695,1.1375000000000028,1.095833333333336,
4698,3.353749999999991,1.3541666666666579,
4701,4.091666666666654,2.024999999999988,
4704,1.0379166666666606,1.0379166666666606,
4707,1.0433333333333508,1.0012500000000175,
4710,0.9387500000000131,0.9387500000000131,
4713,1.096250000000012,1.0541666666666787,
4716,3.8741666666666674,1.5025000000000008,
4719,4.25333333333333,1.9595833333333306,
4722,0.7862499999999955,0.7862499999999955,
4725,0.9033333333333502,0.8750000000000169,
4728,1.1058333333333366,1.1058333333333366,
4731,0.9825000000000017,0.9408333333333351,
4734,3.788333333333341,1.5204166666666747,
4737,3.7124999999999915,2.022083333333325,
4740,0.9916666666666742,0.9916666666666742,
4743,1.03958333333334,1.0254166666666733,
4746,1.1574999999999847,1.1574999999999847,
4749,1.076666666666668,1.0625000000000013,
4752,3.9849999999999994,1.0779166666666664,
4755,4.7720833333333275,2.277916666666661,
4758,1.642083333333332,1.1641666666666655,
4761,0.9991666666666674,0.9575000000000008,
4764,1.2020833333333059,1.1741666666666393,
4767,1.0579166666666566,1.0579166666666566,
4770,4.143333333333331,1.9149999999999974,
4773,3.184999999999988,1.8516666666666548,
4776,1.192083333333315,1.1641666666666484,
4779,1.3879166666666833,1.3879166666666833,
4782,1.0079166666666453,1.0079166666666453,
4785,0.9508333333333212,0.9508333333333212,
4788,4.14458333333333,1.6512499999999966,
4791,3.637916666666669,2.052500000000003,
4794,0.9820833333333212,0.9820833333333212,
4797,0.9987499999999727,0.9987499999999727,
4800,1.1029166666666725,1.075000000000006,
4803,1.2991666666666362,1.2991666666666362,
4806,4.528750000000002,2.406666666666669,
4809,3.074166666666656,1.740416666666656,
4812,1.5883333333333525,1.5883333333333525,
4815,1.3049999999999926,1.3049999999999926,
4818,0.9266666666666623,0.898333333333329,
4821,0.8462500000000119,0.8462500000000119,
4824,4.075833333333335,1.4058333333333355,
4827,3.734166666666681,2.449583333333348,
4830,1.2783333333333218,1.2641666666666551,
4833,1.4225000000000136,1.4225000000000136,
4836,0.9354166666666544,0.9354166666666544,
4839,1.095000000000013,0.8025000000000131,
4842,4.59708333333333,2.263749999999997,
4845,1.332499999999996,1.0570833333333294,
4848,1.2904166666666583,1.2766666666666584,
4851,1.2179166666666674,1.2179166666666674,
4854,1.0858333333333263,1.0858333333333263,
4857,1.486249999999984,1.103749999999984,
4860,4.87208333333335,2.2341666666666833,
4863,1.958750000000009,0.9558333333333424,
4866,0.9670833333333348,0.9670833333333348,
4869,1.0445833333333212,1.0445833333333212,
4872,1.213333333333324,1.1854166666666575,
4875,1.5045833333333434,1.0370833333333433,
4878,4.681249999999977,2.0858333333333103,
4881,2.3758333333333326,1.3462499999999993,
4884,0.932916666666685,0.9187500000000184,
4887,1.3608333333333462,1.3608333333333462,
4890,1.0499999999999972,1.0499999999999972,
4893,1.6187499999999915,1.0849999999999915,
4896,5.122499999999988,2.162916666666655,
4899,2.8995833333333394,2.264166666666673,
4902,1.844166666666652,1.6237499999999854,
4905,0.6979166666666714,0.6979166666666714,
4908,0.9445833333333127,0.9445833333333127,
4911,1.745416666666685,1.114166666666685,
4914,4.90291666666667,2.131250000000003,
4917,2.2054166666666646,1.4504166666666647,
4920,0.8737499999999869,0.8737499999999869,
4923,0.8504166666666606,0.8504166666666606,
4926,1.0354166666666629,1.0354166666666629,
4929,1.5362499999999955,0.9245833333333288,
4932,4.869583333333324,1.8279166666666566,
4935,2.3600000000000136,1.673333333333347,
4938,1.5841666666666612,1.5274999999999945,
4941,1.1470833333333275,1.1470833333333275,
4944,1.1966666666666583,1.1824999999999917,
4947,1.9629166666666578,1.2104166666666578,
4950,4.835833333333312,2.3683333333333123,
4953,2.0866666666666873,1.3316666666666874,
4956,0.9987499999999869,0.9849999999999869,
4959,1.2850000000000108,1.2850000000000108,
4962,1.6516666666666566,1.62374999999999,
4965,2.607916666666654,1.9645833333333205,
4968,5.0504166666666634,1.9945833333333298,
4971,1.9508333333333212,1.6258333333333213,
4974,1.242916666666659,1.2008333333333256,
4977,0.8133333333333184,0.8133333333333184,
4980,0.9145833333333258,0.9145833333333258,
4983,1.8870833333333366,0.89416666666667,
4986,4.623749999999987,1.6829166666666535,
4989,1.6924999999999955,1.396666666666662,
4992,1.0154166666666669,1.0012500000000002,
4995,1.0887500000000045,1.0887500000000045,
4998,1.1570833333333184,1.1149999999999851,
5001,2.2008333333333354,1.1858333333333355,
5004,5.00333333333333,2.039166666666663,
5007,1.7854166666666487,1.3941666666666486,
5010,0.9925000000000068,0.9362500000000068,
5013,1.1141666666666765,1.1141666666666765,
5016,1.107916666666668,1.0937500000000013,
5019,2.234166666666667,1.0908333333333335,
5022,4.682083333333324,1.9158333333333233,
5025,1.8612499999999983,1.3587499999999983,
5028,0.9812500000000028,0.9670833333333362,
5031,1.1183333333333252,1.1183333333333252,
5034,1.0699999999999932,1.0429166666666598,
5037,2.4950000000000045,1.3204166666666712,
5040,4.709999999999994,2.65541666666666,
5043,1.087916666666672,1.087916666666672,
5046,1.0912500000000023,1.0650000000000022,
5049,0.8545833333333377,0.8545833333333377,
5052,1.0350000000000108,1.0212500000000109,
5055,2.8100000000000023,1.4045833333333355,
5058,5.541249999999991,2.7808333333333244,
5061,1.630833333333328,1.630833333333328,
5064,1.5958333333333172,1.5687499999999839,
5067,1.0866666666666447,1.0866666666666447,
5070,1.2870833333333138,1.2604166666666472,
5073,3.066250000000011,1.5145833333333443,
5076,4.704583333333332,2.0720833333333317,
5079,1.0304166666666674,1.0304166666666674,
5082,1.5849999999999937,1.502083333333327,
5085,1.181666666666672,1.181666666666672,
5088,1.3279166666666384,1.2995833333333051,
5091,3.9170833333333377,1.6683333333333379,
5094,3.9254166666666634,2.0699999999999967,
5097,0.9020833333333371,0.8879166666666705,
5100,1.057083333333324,1.057083333333324,
5103,1.1800000000000068,1.1379166666666736,
5106,0.9754166666666606,0.9754166666666606,
5109,3.4666666666666544,1.443333333333321,
5112,4.269999999999996,2.2266666666666626,
5115,1.130833333333328,1.0749999999999946,
5118,0.9762500000000074,0.9762500000000074,
5121,0.8433333333333195,0.8291666666666528,
5124,0.990416666666647,0.990416666666647,
5127,4.090000000000032,1.6154166666666985,
5130,5.431666666666658,2.7862499999999915,
5133,1.9433333333333422,1.3679166666666756,
5136,1.6429166666666646,1.6429166666666646,
5139,1.4658333333333218,1.4516666666666551,
5142,0.9900000000000091,0.9900000000000091,
5145,5.31541666666665,3.713333333333316,
5148,0.2912499999999909,0.2774999999999909,
5151,0.33208333333334394,0.33208333333334394,
5154,0.4404166666666498,0.3987499999999831,
5157,4.337083333333325,3.918333333333325,
5160,4.429999999999993,4.360833333333326,
5163,4.348333333333343,4.348333333333343,
5166,4.75333333333333,4.12958333333333,
5169,4.609166666666667,4.220416666666667,
5172,4.505416666666676,4.199583333333343,
5175,5.357916666666668,4.955833333333334,
5178,4.514583333333334,4.514583333333334,
5181,4.40333333333335,4.3483333333333505,
5184,4.936250000000015,3.9170833333333483,
5187,5.662083333333328,5.213333333333328,
5190,4.539166666666674,3.5333333333333403,
5193,4.513750000000002,4.513750000000002,
5196,4.362499999999997,4.33458333333333,
5199,4.320833333333326,4.320833333333326,
5202,4.40333333333335,4.3483333333333505,
5205,4.320000000000007,4.320000000000007,
5208,5.00291666666665,4.877083333333316,
5211,4.99375000000002,4.882916666666686,
5214,4.200416666666669,3.8525000000000027,
5217,4.822083333333339,3.091250000000006,
5220,3.740416666666661,1.001249999999994,
5223,3.663749999999993,1.87166666666666,
5226,7.922916666666694,5.432500000000028,
5229,16.30874999999999,14.059166666666655,
5232,15.649166666666673,14.175416666666672,
5235,17.989166666666648,16.698749999999983,
5238,11.652500000000018,6.980416666666685,
5241,43.247083333333336,9.420416666666668,
5244,79.46166666666667,5.095416666666679,
5247,72.46541666666667,6.545000000000002,
5250,70.05291666666666,1.0591666666666697,
5253,76.32875,4.379166666666663,
5256,78.51541666666667,4.414166666666688,
5259,69.1825,6.319583333333334,
5262,69.77333333333334,4.6625000000000085,
5265,73.15208333333334,10.073333333333345,
5268,65.86250000000001,1.9654166666666697,
5271,55.03875,2.1254166666666663,
5274,53.16708333333333,2.832499999999996,
5277,58.395,7.69250000000001,
5280,52.14833333333333,4.311666666666667,
5283,50.13625,2.9820833333333283,
5286,57.46416666666667,9.440833333333352,
5289,57.630416666666655,6.055833333333325,
5292,63.4275,4.6654166666666725,
5295,61.98624999999999,10.58791666666665,
5298,63.02708333333333,3.6541666666666686,
5301,69.38875,5.261666666666656,
5304,54.331250000000004,2.116250000000008,
5307,54.565416666666664,2.412083333333321,
5310,59.96541666666667,8.025833333333331,
5313,62.32125,2.4437500000000014,
5316,75.1425,9.337916666666686,
5319,56.54333333333333,6.572499999999998,
5322,67.29583333333333,8.96791666666666,
5325,71.11375,7.457499999999996,
5328,71.03375,9.932083333333345,
5331,57.30583333333334,4.847500000000004,
5334,50.59791666666666,2.0054166666666546,
5337,55.679166666666674,3.8412500000000236,
5340,46.83583333333333,1.4170833333333235,
5343,69.80541666666667,11.893333333333345,
5346,65.91874999999999,3.43958333333331,
5349,73.62458333333333,10.439583333333324,
5352,74.67083333333333,6.384999999999991,
5355,75.48333333333333,10.675833333333344,
5358,67.75041666666667,6.767500000000005,
5361,57.920833333333334,1.8162499999999895,
5364,57.00625,4.36999999999999,
5367,62.46583333333333,4.1216666666666555,
5370,63.721666666666664,4.150416666666665,
5373,60.165833333333346,5.395833333333357,
5376,57.24916666666667,2.0662500000000037,
5379,60.873333333333335,3.898750000000007,
5382,72.5525,10.924166666666643,
5385,61.82541666666666,2.8108333333333206,
5388,73.31583333333333,11.033749999999998,
5391,59.76708333333333,4.397500000000015,
5394,53.460416666666674,1.474166666666683,
5397,55.88291666666667,1.8362499999999926,
5400,56.925000000000004,2.1004166666666606,
5403,61.78666666666667,2.206249999999997,
5406,66.61416666666668,4.907083333333354,
5409,66.43375,7.753333333333337,
5412,69.04041666666667,6.795416666666675,
5415,59.80041666666667,1.9425000000000168,
5418,63.47208333333334,2.2616666666666703,
5421,52.82125,2.032916666666665,
5424,52.373333333333335,1.8579166666666609,
5427,58.8275,3.768333333333331,
5430,58.63375,3.1499999999999915,
5433,60.58708333333333,4.004583333333329,
5436,54.40208333333334,2.8825000000000003,
5439,61.85166666666667,6.548333333333332,
5442,69.50916666666667,8.849166666666669,
5445,69.95041666666667,10.045833333333334,
5448,54.98125000000001,1.6420833333333391,
5451,51.540416666666665,2.4683333333333337,
5454,55.38791666666666,2.507083333333327,
5457,61.68833333333334,2.4408333333333303,
5460,67.27458333333334,3.4991666666666745,
5463,65.36333333333333,2.944583333333341,
5466,76.69333333333333,6.561666666666667,
5469,63.74625,4.986250000000005,
5472,50.321666666666665,2.4195833333333354,
5475,69.24958333333333,13.225000000000001,
5478,64.54208333333332,5.350416666666639,
5481,69.74791666666667,1.4212500000000006,
5484,59.1725,1.8216666666666654,
5487,58.09333333333334,1.6437500000000185,
5490,56.59041666666667,1.5408333333333246,
5493,69.75166666666667,2.707499999999996,
5496,71.72,3.0275000000000034,
5499,72.29625,3.8354166666666742,
5502,68.50541666666666,2.0420833333333377,
5505,68.00958333333334,2.0837500000000233,
5508,68.325,2.751249999999999,
5511,70.33291666666666,2.7791666666666828,
5514,71.11749999999999,4.117083333333326,
5517,72.15875,2.9699999999999847,
5520,63.51916666666667,1.857916666666668,
5523,65.51625,2.2245833333333493,
5526,71.09375,3.3391666666666566,
5529,73.31166666666667,3.8783333333333303,
5532,74.67750000000001,3.2520833333333456,
5535,67.96333333333334,3.2020833333333485,
5538,67.27208333333334,3.529583333333342,
5541,64.93958333333333,4.454166666666644,
5544,56.41666666666668,3.517083333333339,
5547,51.27833333333333,1.6695833333333212,
5550,76.35000000000001,10.997083333333336,
5553,79.6525,6.833333333333329,
5556,78.67208333333333,14.154583333333335,
5559,68.89625,6.8162499999999895,
5562,64.88791666666665,1.6524999999999963,
5565,54.56875,1.5500000000000114,
5568,53.65,2.3858333333333377,
5571,61.8125,1.9966666666666697,
5574,60.424166666666665,6.832500000000003,
5577,61.72333333333333,9.09249999999998,
5580,51.66291666666666,2.632499999999986,
5583,49.20208333333334,2.207083333333344,
5586,59.60125,3.4662500000000094,
5589,73.00833333333334,7.462916666666658,
5592,60.893750000000004,5.529583333333328,
5595,71.24541666666666,5.864999999999981,
5598,65.14208333333333,1.853749999999998,
5601,65.5875,3.109583333333326,
5604,68.27333333333333,4.25291666666665,
5607,67.86541666666668,8.793750000000017,
5610,65.37333333333333,3.257083333333334,
5613,65.45083333333334,3.4720833333333445,
5616,68.12333333333333,4.12833333333333,
5619,59.0575,2.3137499999999918,
5622,57.154166666666676,2.359166666666681,
5625,58.282916666666665,1.8516666666666595,
5628,79.55458333333334,4.5400000000000205,
5631,63.483333333333334,5.180416666666659,
5634,71.85000000000001,6.282500000000013,
5637,66.12875,4.289583333333319,
5640,72.72875,3.2245833333333564,
5643,68.67583333333333,5.475833333333334,
5646,52.953333333333326,2.3445833333333326,
5649,51.74166666666667,2.1204166666666566,
5652,51.45791666666668,2.570416666666681,
5655,67.92916666666667,8.42625000000001,
5658,65.59666666666666,11.040833333333332,
5661,48.03291666666667,2.161666666666676,
5664,80.79833333333333,18.725833333333348,
5667,68.89291666666666,2.829583333333318,
5670,64.04750000000001,1.741250000000015,
5673,60.26083333333334,1.4970833333333502,
5676,62.82416666666666,1.5762500000000017,
5679,66.23375,1.8458333333333172,
5682,69.8525,4.069166666666661,
5685,78.31791666666668,4.581666666666678,
5688,76.88708333333334,4.1625000000000085,
5691,79.45083333333334,3.0916666666666686,
5694,71.67333333333333,4.70416666666668,
5697,64.42,1.9333333333333442,
5700,71.54666666666667,1.560833333333349,
5703,75.04208333333334,4.385416666666657,
5706,76.87,5.951249999999973,
5709,77.67458333333333,4.877083333333317,
5712,76.75541666666666,4.575833333333335,
5715,80.36583333333333,3.4208333333333343,
5718,66.01750000000001,1.4775000000000063,
5721,82.9275,10.532083333333318,
5724,73.7975,8.857500000000016,
5727,64.39666666666668,5.1012500000000145,
5730,75.84666666666666,16.290833333333325,
5733,65.49333333333334,3.065416666666664,
5736,56.06041666666667,2.3075000000000045,
5739,60.87125,2.5658333333333374,
5742,76.64083333333333,3.4537499999999994,
5745,64.68625,2.6425000000000054,
5748,60.31041666666667,2.487083333333338,
5751,60.98125,2.9154166666666654,
5754,63.62541666666667,2.92291666666668,
5757,69.89125,11.32125,
5760,51.73125000000001,1.411666666666683,
5763,66.85125,2.186249999999987,
5766,61.36958333333333,1.3799999999999883,
5769,71.63833333333334,2.6179166666666447,
5772,78.69375,7.23833333333333,
5775,76.51958333333333,3.3037499999999937,
5778,77.12083333333334,3.2533333333333303,
5781,69.57166666666667,3.424583333333345,
5784,60.83541666666667,3.4866666666666646,
5787,64.89458333333334,7.072500000000012,
5790,72.58208333333334,7.867083333333326,
5793,69.3825,2.5024999999999977,
5796,63.557916666666664,3.5716666666666583,
5799,71.71374999999999,17.33416666666664,
5802,70.37166666666667,4.420416666666668,
5805,79.14500000000001,3.235833333333346,
5808,66.31,1.502500000000012,
5811,56.74416666666667,1.9816666666666762,
5814,65.05833333333334,1.8133333333333326,
5817,68.37083333333334,2.4608333333333547,
5820,68.17875,3.045416666666654,
5823,80.795,6.237916666666678,
5826,76.53750000000001,5.177916666666675,
5829,67.42458333333335,2.624166666666696,
5832,78.51083333333332,2.8362499999999926,
5835,79.73416666666667,5.09375,
5838,80.9875,7.719166666666652,
5841,84.7575,5.5629166666666805,
5844,62.67083333333333,1.1574999999999847,
5847,68.20208333333333,2.5933333333333337,
5850,71.27000000000001,2.3979166666666742,
5853,70.07375,2.58541666666666,
5856,75.98375,2.498750000000001,
5859,72.165,2.0616666666666674,
5862,70.43666666666667,2.734166666666667,
5865,64.07249999999999,2.5549999999999855,
5868,76.67916666666667,5.572500000000019,
5871,79.48875,7.12833333333333,
5874,54.82333333333333,3.0445833333333283,
5877,73.80833333333334,10.340416666666677,
5880,69.66916666666667,11.697500000000005,
5883,61.145833333333336,1.5558333333333394,
5886,66.15416666666667,2.717083333333335,
5889,63.81208333333334,2.664583333333333,
5892,78.95791666666666,10.20583333333333,
5895,65.32583333333332,6.071249999999999,
5898,79.31458333333333,9.856249999999989,
5901,80.20958333333334,9.740833333333356,
5904,68.17750000000001,7.520000000000003,
5907,72.23208333333334,11.899583333333332,
5910,69.87458333333333,3.6270833333333314,
5913,75.17541666666666,3.014166666666654,
5916,68.10916666666667,2.3529166666666725,
5919,73.21083333333333,3.2429166666666447,
5922,68.50541666666666,3.0287500000000023,
5925,67.70666666666666,3.3204166666666595,
5928,64.55958333333334,2.271249999999988,
5931,73.33958333333334,2.845416666666665,
5934,69.73333333333333,2.6962500000000063,
5937,69.05166666666666,2.7937499999999886,
5940,65.29208333333334,2.918750000000003,
5943,62.609166666666674,6.141666666666673,
5946,59.50875,1.59999999999998,
5949,61.5525,2.83541666666666,
5952,67.36916666666667,3.805000000000007,
5955,69.11833333333333,5.478333333333332,
5958,71.9625,5.162083333333342,
5961,74.40249999999999,5.224999999999994,
5964,62.18,1.9479166666666714,
5967,69.755,2.9266666666666623,
5970,77.61208333333333,5.1170833333333405,
5973,78.56541666666666,4.125833333333333,
5976,66.63250000000001,9.874166666666675,
5979,72.60958333333333,14.877916666666685,
5982,71.86874999999999,5.203749999999985,
5985,68.57958333333333,3.293750000000017,
5988,62.28333333333333,2.5233333333333334,
5991,70.35,2.8758333333333326,
5994,67.24666666666667,1.8512499999999932,
5997,67.74875,2.106666666666669,
6000,66.36083333333333,2.0124999999999886,
6003,73.29125,4.8320833333333155,
6006,74.67291666666667,5.941249999999982,
6009,82.27416666666667,6.358749999999986,
6012,68.25875,3.015000000000015,
6015,73.3025,5.427499999999995,
6018,61.16541666666667,6.581666666666685,
6021,59.66458333333333,5.568749999999994,
6024,86.58125,12.131249999999994,
6027,69.335,2.653333333333336,
6030,84.77208333333334,8.010833333333338,
6033,72.31708333333333,12.601249999999986,
6036,62.06125,3.3474999999999895,
6039,70.78458333333333,3.2166666666666544,
6042,79.16666666666667,1.0716666666666725,
6045,76.28958333333334,2.6891666666666936,
6048,74.88083333333333,3.222083333333316,
6051,65.09875000000001,2.631666666666675,
6054,73.84583333333333,1.7895833333333258,
6057,70.74625,3.1208333333333513,
6060,74.57833333333333,2.7354166666666515,
6063,70.19708333333334,3.7974999999999994,
6066,56.57833333333334,1.6450000000000031,
6069,53.80291666666667,2.311249999999994,
6072,75.75541666666666,5.685833333333335,
6075,70.205,2.4779166666666583,
6078,69.2225,2.531666666666652,
6081,76.55041666666666,4.395833333333343,
6084,79.59375,5.972916666666677,
6087,74.45541666666666,6.471249999999998,
6090,49.09,1.8249999999999957,
6093,76.56791666666666,3.6316666666666606,
6096,80.79375,5.624999999999986,
6099,73.99958333333333,3.9070833333333326,
6102,76.62666666666667,5.609999999999985,
6105,70.89,7.290833333333332,
6108,75.38375,16.534583333333345,
6111,78.29291666666667,2.8937500000000256,
6114,72.49916666666667,2.076666666666668,
6117,71.11291666666666,2.51666666666668,
6120,64.88374999999999,2.0437499999999886,
6123,76.18458333333334,2.487499999999983,
6126,74.83624999999999,2.069999999999993,
6129,66.63875,2.438749999999999,
6132,74.25791666666667,3.0466666666666526,
6135,68.18916666666667,2.656250000000014,
6138,75.65666666666667,7.302083333333329,
6141,69.975,1.3495833333333138,
6144,87.66625,8.619583333333338,
6147,83.19041666666666,7.689166666666651,
6150,70.22708333333333,1.657916666666651,
6153,84.41875,12.47666666666666,
6156,75.53375,7.240416666666661,
6159,78.77041666666668,8.264583333333363,
6162,77.62541666666667,9.834583333333356,
6165,68.11541666666668,5.900833333333338,
6168,76.13208333333333,3.8299999999999983,
6171,74.99583333333334,2.7733333333333405,
6174,74.79041666666667,3.284166666666664,
6177,81.55916666666667,4.015000000000015,
6180,77.21208333333333,3.5658333333333445,
6183,74.69583333333333,3.3770833333333314,
6186,71.67708333333334,4.9512499999999875,
6189,73.585,3.1483333333333405,
6192,68.58958333333334,3.2950000000000017,
6195,57.58666666666667,2.3404166666666697,
6198,66.11333333333334,14.635833333333345,
6201,61.41458333333333,2.5420833333333093,
6204,72.59541666666667,2.701250000000016,
6207,56.18625,1.377916666666664,
6210,67.12083333333334,2.368333333333325,
6213,78.05833333333334,5.717500000000015,
6216,80.12666666666667,6.0191666666666634,
6219,74.1325,4.829999999999984,
6222,69.00458333333333,4.172499999999999,
6225,80.10208333333333,3.7866666666666475,
6228,79.42,4.429166666666674,
6231,75.06666666666666,3.451666666666654,
6234,82.61583333333333,7.896666666666647,
6237,68.71916666666667,2.794583333333364,
6240,69.20833333333334,5.355416666666663,
6243,75.76416666666667,3.701666666666682,
6246,70.32875,2.5674999999999955,
6249,75.20583333333333,3.0066666666666606,
6252,75.11666666666666,5.260833333333352,
6255,62.73166666666666,4.309166666666648,
6258,62.945,4.444166666666675,
6261,80.76791666666666,3.8654166666666754,
6264,80.05250000000001,6.414583333333354,
6267,76.2975,4.710000000000008,
6270,67.20208333333332,2.3833333333333258,
6273,78.35666666666667,2.682916666666671,
6276,80.28166666666667,4.046666666666638,
6279,77.80166666666666,14.80833333333333,
6282,77.47041666666667,17.45458333333334,
6285,80.51124999999999,3.307083333333324,
6288,76.42875000000001,1.780833333333348,
6291,81.31958333333333,1.9458333333333115,
6294,78.75291666666666,3.131666666666689,
6297,81.87291666666667,2.636250000000018,
6300,78.80166666666666,5.932083333333338,
6303,82.96166666666666,5.264999999999986,
6306,70.04124999999999,2.0091666666666583,
6309,89.1,10.050833333333316,
6312,85.8625,5.9370833333333195,
6315,75.79958333333333,1.3958333333333712,
6318,75.42958333333333,2.5845833333333275,
6321,72.42791666666668,2.9954166666666566,
6324,72.57583333333334,2.2800000000000153,
6327,71.52916666666667,2.6941666666666464,
6330,71.61625,2.1841666666666555,
6333,67.99708333333334,2.387500000000017,
6336,70.06666666666666,2.970416666666665,
6339,72.29208333333334,3.1258333333333326,
6342,85.91875,7.9766666666666595,
6345,75.68708333333333,2.7266666666666595,
6348,70.32666666666667,2.1112499999999983,
6351,79.43416666666667,2.96250000000002,
6354,71.36791666666667,2.236666666666679,
6357,67.09625,1.9958333333333371,
6360,73.4375,2.567916666666676,
6363,76.00083333333333,2.637916666666655,
6366,84.4375,8.210833333333326,
6369,73.85583333333334,2.6137500000000244,
6372,83.16333333333333,6.202500000000001,
6375,76.29333333333334,2.9520833333333485,
6378,87.60291666666667,9.605000000000004,
6381,72.76125,3.153749999999988,
6384,71.81708333333334,2.094583333333347,
6387,74.61083333333333,3.5,
6390,75.25541666666666,3.1983333333333235,
6393,73.81833333333333,2.8362499999999926,
6396,78.63833333333334,7.097499999999997,
6399,82.91041666666666,6.268333333333331,
6402,90.65583333333333,14.397499999999994,
6405,69.00833333333333,7.262916666666676,
6408,77.49833333333333,2.5629166666666663,
6411,74.32291666666666,2.9450000000000074,
6414,80.95958333333333,3.1158333333333417,
6417,78.04583333333333,3.469583333333347,
6420,79.75166666666667,2.089583333333323,
6423,82.28875,8.118333333333354,
6426,67.99541666666667,1.8229166666666714,
6429,90.08833333333334,14.69916666666667,
6432,65.13791666666667,3.174999999999997,
6435,81.18041666666667,4.066250000000011,
6438,68.82083333333333,2.12791666666665,
6441,72.59541666666667,2.8320833333333297,
6444,78.84625,2.801249999999996,
6447,68.44541666666667,3.085000000000022,
6450,69.51291666666667,2.806666666666672,
6453,72.7625,2.9679166666666674,
6456,79.40125,3.775416666666672,
6459,75.94,2.1187499999999915,
6462,69.9925,1.9395833333333314,
6465,67.33916666666667,2.3641666666666907,
6468,74.215,3.5675000000000097,
6471,74.61791666666666,5.4133333333332985,
6474,84.27625,8.157083333333361,
6477,77.46166666666666,7.3887499999999875,
6480,67.52583333333334,2.275416666666686,
6483,73.83,2.2950000000000017,
6486,60.07458333333334,1.5033333333333445,
6489,70.23125,2.54583333333332,
6492,64.51124999999999,2.492916666666666,
6495,68.10208333333333,1.9083333333333314,
6498,60.7675,2.2479166666666544,
6501,62.282500000000006,2.502500000000005,
6504,74.71458333333334,5.174999999999997,
6507,81.31875,7.122083333333308,
6510,60.974583333333335,1.0591666666666697,
6513,72.58125,5.235833333333332,
6516,74.81125,5.798333333333332,
6519,80.82916666666667,8.988749999999996,
6522,60.98291666666667,1.4037500000000165,
6525,81.95958333333333,11.368750000000006,
6528,78.75166666666667,10.523333333333326,
6531,64.09291666666667,1.8112500000000082,
6534,76.88875,15.019999999999996,
6537,67.42166666666668,5.627500000000019,
6540,64.53875,2.718333333333341,
6543,71.40208333333334,2.384583333333339,
6546,67.92416666666668,2.6150000000000233,
6549,75.03708333333333,2.700833333333321,
6552,68.57416666666667,2.119166666666672,
6555,72.90791666666667,3.2595833333333246,
6558,68.09958333333333,1.8529166666666725,
6561,72.60083333333333,2.9237499999999983,
6564,68.17083333333333,2.757083333333327,
6567,76.86416666666666,2.5366666666666617,
6570,61.89958333333334,2.4037500000000094,
6573,66.43625,2.9258333333333226,
6576,67.60125000000001,9.538333333333334,
6579,80.0,19.267500000000013,
6582,71.79291666666667,4.1787499999999795,
6585,62.50958333333333,2.6741666666666575,
6588,52.982916666666675,2.438333333333347,
6591,70.30416666666666,4.243333333333325,
6594,79.96583333333334,5.283749999999998,
6597,72.22125,4.63000000000001,
6600,58.4,1.2629166666666407,
6603,68.6925,4.242499999999993,
6606,71.75666666666666,4.034166666666664,
6609,78.49625,4.65000000000002,
6612,74.54916666666666,3.5275000000000034,
6615,65.38125,3.531666666666659,
6618,64.34458333333333,4.6737500000000125,
6621,50.68208333333333,1.8758333333333255,
6624,54.798750000000005,1.7287500000000122,
6627,62.90208333333334,15.639166666666675,
6630,74.07833333333333,8.537499999999994,
6633,70.72041666666667,10.264166666666654,
6636,65.65541666666667,1.9525000000000148,
6639,71.21166666666667,1.7045833333333462,
6642,56.61625,1.8774999999999835,
6645,71.52749999999999,4.589166666666642,
6648,70.5525,2.572083333333339,
6651,66.44583333333333,5.325416666666662,
6654,62.99541666666667,5.757083333333334,
6657,44.51125,3.4479166666666643,
6660,29.957916666666677,2.536666666666676,
6663,21.643749999999997,1.3091666666666626,
6666,6.844999999999985,1.821249999999985,
6669,2.001666666666665,1.6270833333333319,
